ts,machine_id,operator_id,engine_on,idle,fuel_l,load_cycle,belt_fastened,harsh_event,episode
2025-05-01 08:00,EXC001,OP1001,1,0,0.0935,0,1,0,work
2025-05-01 08:01,EXC001,OP1001,1,0,0.0771,0,1,0,work
2025-05-01 08:02,EXC001,OP1001,1,0,0.091,1,1,0,work
2025-05-01 08:03,EXC001,OP1001,1,0,0.0785,0,1,0,work
2025-05-01 08:04,EXC001,OP1001,1,0,0.0795,1,1,0,work
2025-05-01 08:05,EXC001,OP1001,1,0,0.0912,0,1,0,work
2025-05-01 08:06,EXC001,OP1001,1,0,0.0849,0,1,0,work
2025-05-01 08:07,EXC001,OP1001,1,0,0.0877,0,1,0,work
2025-05-01 08:08,EXC001,OP1001,1,0,0.0944,1,1,0,work
2025-05-01 08:09,EXC001,OP1001,1,0,0.0904,0,1,0,work
2025-05-01 08:10,EXC001,OP1001,1,0,0.0807,0,1,0,work
2025-05-01 08:11,EXC001,OP1001,1,0,0.0822,0,1,0,work
2025-05-01 08:12,EXC001,OP1001,1,0,0.0922,1,1,0,work
2025-05-01 08:13,EXC001,OP1001,1,0,0.0859,0,1,0,work
2025-05-01 08:14,EXC001,OP1001,1,0,0.0795,1,1,0,work
2025-05-01 08:15,EXC001,OP1001,1,0,0.081,1,1,0,work
2025-05-01 08:16,EXC001,OP1001,1,0,0.0827,0,1,0,work
2025-05-01 08:17,EXC001,OP1001,1,0,0.0919,0,1,0,work
2025-05-01 08:18,EXC001,OP1001,1,0,0.0886,0,1,1,work
2025-05-01 08:19,EXC001,OP1001,1,0,0.0915,0,1,0,work
2025-05-01 08:20,EXC001,OP1001,1,0,0.0934,1,1,0,work
2025-05-01 08:21,EXC001,OP1001,1,0,0.0885,0,1,0,work
2025-05-01 08:22,EXC001,OP1001,1,0,0.0818,0,1,0,work
2025-05-01 08:23,EXC001,OP1001,1,0,0.0908,0,1,0,work
2025-05-01 08:24,EXC001,OP1001,1,0,0.0862,0,1,0,work
2025-05-01 08:25,EXC001,OP1001,1,0,0.0941,0,1,0,work
2025-05-01 08:26,EXC001,OP1001,1,0,0.0779,0,1,0,work
2025-05-01 08:27,EXC001,OP1001,1,0,0.0788,0,1,0,work
2025-05-01 08:28,EXC001,OP1001,1,0,0.0896,0,1,0,work
2025-05-01 08:29,EXC001,OP1001,1,0,0.0872,0,1,0,work
2025-05-01 08:30,EXC001,OP1001,1,0,0.0768,0,1,0,work
2025-05-01 08:31,EXC001,OP1001,1,0,0.0794,0,1,0,work
2025-05-01 08:32,EXC001,OP1001,1,0,0.0844,1,1,0,work
2025-05-01 08:33,EXC001,OP1001,1,0,0.0886,0,1,0,work
2025-05-01 08:34,EXC001,OP1001,1,0,0.0904,0,1,0,work
2025-05-01 08:35,EXC001,OP1001,1,0,0.0864,0,1,0,work
2025-05-01 08:36,EXC001,OP1001,1,0,0.0822,1,1,1,work
2025-05-01 08:37,EXC001,OP1001,1,0,0.0863,0,1,0,work
2025-05-01 08:38,EXC001,OP1001,1,0,0.075,1,1,0,work
2025-05-01 08:39,EXC001,OP1001,1,0,0.0894,0,1,0,work
2025-05-01 08:40,EXC001,OP1001,1,0,0.0895,0,1,0,work
2025-05-01 08:41,EXC001,OP1001,1,0,0.0822,0,1,0,work
2025-05-01 08:42,EXC001,OP1001,1,0,0.0805,0,1,0,work
2025-05-01 08:43,EXC001,OP1001,1,0,0.0785,0,1,0,work
2025-05-01 08:44,EXC001,OP1001,1,0,0.0751,0,1,0,work
2025-05-01 08:45,EXC001,OP1001,1,0,0.0907,1,1,0,work
2025-05-01 08:46,EXC001,OP1001,1,0,0.0936,0,1,0,work
2025-05-01 08:47,EXC001,OP1001,1,0,0.0813,0,1,0,work
2025-05-01 08:48,EXC001,OP1001,1,0,0.0832,0,1,0,work
2025-05-01 08:49,EXC001,OP1001,1,0,0.0943,1,1,0,work
2025-05-01 08:50,EXC001,OP1001,1,0,0.0835,0,1,0,work
2025-05-01 08:51,EXC001,OP1001,1,0,0.0795,0,1,0,work
2025-05-01 08:52,EXC001,OP1001,1,0,0.0821,1,1,0,work
2025-05-01 08:53,EXC001,OP1001,1,0,0.0844,1,1,0,work
2025-05-01 08:54,EXC001,OP1001,1,0,0.0919,0,1,0,work
2025-05-01 08:55,EXC001,OP1001,1,0,0.0787,0,1,0,work
2025-05-01 08:56,EXC001,OP1001,1,0,0.0775,0,1,0,work
2025-05-01 08:57,EXC001,OP1001,1,0,0.082,1,1,0,work
2025-05-01 08:58,EXC001,OP1001,1,0,0.0835,0,1,0,work
2025-05-01 08:59,EXC001,OP1001,1,0,0.0865,0,1,0,work
2025-05-01 09:00,EXC001,OP1001,1,0,0.0871,0,1,0,work
2025-05-01 09:01,EXC001,OP1001,1,0,0.0776,1,1,0,work
2025-05-01 09:02,EXC001,OP1001,1,0,0.095,0,1,0,work
2025-05-01 09:03,EXC001,OP1001,1,0,0.0852,0,1,0,work
2025-05-01 09:04,EXC001,OP1001,1,0,0.0855,0,1,0,work
2025-05-01 09:05,EXC001,OP1001,1,0,0.0751,0,1,0,work
2025-05-01 09:06,EXC001,OP1001,1,0,0.0928,0,1,0,work
2025-05-01 09:07,EXC001,OP1001,1,0,0.0752,1,1,0,work
2025-05-01 09:08,EXC001,OP1001,1,0,0.0936,0,1,0,work
2025-05-01 09:09,EXC001,OP1001,1,0,0.0945,1,1,0,work
2025-05-01 09:10,EXC001,OP1001,1,0,0.0918,0,1,0,work
2025-05-01 09:11,EXC001,OP1001,1,0,0.0916,0,1,0,work
2025-05-01 09:12,EXC001,OP1001,1,0,0.0899,0,1,0,work
2025-05-01 09:13,EXC001,OP1001,1,0,0.0882,0,1,0,work
2025-05-01 09:14,EXC001,OP1001,1,0,0.0858,1,1,0,work
2025-05-01 09:15,EXC001,OP1001,1,0,0.0794,0,1,0,work
2025-05-01 09:16,EXC001,OP1001,1,0,0.0947,0,1,0,work
2025-05-01 09:17,EXC001,OP1001,1,0,0.0799,0,1,0,work
2025-05-01 09:18,EXC001,OP1001,1,0,0.0801,0,1,0,work
2025-05-01 09:19,EXC001,OP1001,1,0,0.0873,1,1,0,work
2025-05-01 09:20,EXC001,OP1001,1,0,0.0812,0,1,0,work
2025-05-01 09:21,EXC001,OP1001,1,0,0.0789,0,1,0,work
2025-05-01 09:22,EXC001,OP1001,1,0,0.0864,0,1,0,work
2025-05-01 09:23,EXC001,OP1001,1,0,0.0829,0,1,0,work
2025-05-01 09:24,EXC001,OP1001,1,0,0.0781,0,1,0,work
2025-05-01 09:25,EXC001,OP1001,1,0,0.079,0,1,0,work
2025-05-01 09:26,EXC001,OP1001,1,0,0.0803,0,1,0,work
2025-05-01 09:27,EXC001,OP1001,1,0,0.0844,1,1,0,work
2025-05-01 09:28,EXC001,OP1001,1,0,0.0784,1,1,0,work
2025-05-01 09:29,EXC001,OP1001,1,0,0.0873,0,1,0,work
2025-05-01 09:30,EXC001,OP1001,1,0,0.0835,0,0,0,work
2025-05-01 09:31,EXC001,OP1001,1,0,0.0807,0,1,0,work
2025-05-01 09:32,EXC001,OP1001,1,0,0.0796,0,1,0,work
2025-05-01 09:33,EXC001,OP1001,1,0,0.0811,0,1,0,work
2025-05-01 09:34,EXC001,OP1001,1,0,0.0859,1,1,0,work
2025-05-01 09:35,EXC001,OP1001,1,0,0.0759,0,1,0,work
2025-05-01 09:36,EXC001,OP1001,1,0,0.0908,1,1,0,work
2025-05-01 09:37,EXC001,OP1001,1,0,0.0855,1,1,0,work
2025-05-01 09:38,EXC001,OP1001,1,0,0.0945,0,1,0,work
2025-05-01 09:39,EXC001,OP1001,1,0,0.08,0,1,0,work
2025-05-01 09:40,EXC001,OP1001,1,0,0.0844,0,1,0,work
2025-05-01 09:41,EXC001,OP1001,1,0,0.0903,0,1,0,work
2025-05-01 09:42,EXC001,OP1001,1,0,0.0847,0,1,0,work
2025-05-01 09:43,EXC001,OP1001,1,0,0.0945,1,1,0,work
2025-05-01 09:44,EXC001,OP1001,1,0,0.0802,0,1,0,work
2025-05-01 09:45,EXC001,OP1001,1,0,0.0949,0,1,0,work
2025-05-01 09:46,EXC001,OP1001,1,0,0.094,0,1,0,work
2025-05-01 09:47,EXC001,OP1001,1,0,0.0819,0,1,0,work
2025-05-01 09:48,EXC001,OP1001,1,0,0.0823,1,1,0,work
2025-05-01 09:49,EXC001,OP1001,1,0,0.0905,0,1,0,work
2025-05-01 09:50,EXC001,OP1001,1,0,0.0753,0,1,0,work
2025-05-01 09:51,EXC001,OP1001,1,0,0.0783,0,1,0,work
2025-05-01 09:52,EXC001,OP1001,1,0,0.0762,0,1,0,work
2025-05-01 09:53,EXC001,OP1001,1,0,0.0931,0,1,0,work
2025-05-01 09:54,EXC001,OP1001,1,0,0.0929,0,1,0,work
2025-05-01 09:55,EXC001,OP1001,1,0,0.0772,0,1,0,work
2025-05-01 09:56,EXC001,OP1001,1,0,0.0819,0,1,0,work
2025-05-01 09:57,EXC001,OP1001,1,0,0.0888,0,1,0,work
2025-05-01 09:58,EXC001,OP1001,1,0,0.0935,0,1,0,work
2025-05-01 09:59,EXC001,OP1001,1,0,0.0799,0,1,0,work
2025-05-01 10:00,EXC001,OP1001,1,0,0.0861,0,1,0,work
2025-05-01 10:01,EXC001,OP1001,1,0,0.0936,1,1,0,work
2025-05-01 10:02,EXC001,OP1001,1,0,0.0829,1,1,0,work
2025-05-01 10:03,EXC001,OP1001,1,0,0.0817,0,1,0,work
2025-05-01 10:04,EXC001,OP1001,1,0,0.0876,0,1,0,work
2025-05-01 10:05,EXC001,OP1001,1,0,0.0815,0,1,0,work
2025-05-01 10:06,EXC001,OP1001,1,0,0.0835,0,1,0,work
2025-05-01 10:07,EXC001,OP1001,1,0,0.0905,0,1,0,work
2025-05-01 10:08,EXC001,OP1001,1,0,0.0905,0,1,0,work
2025-05-01 10:09,EXC001,OP1001,1,0,0.0836,0,1,0,work
2025-05-01 10:10,EXC001,OP1001,1,0,0.0778,0,1,0,work
2025-05-01 10:11,EXC001,OP1001,1,0,0.0873,0,1,0,work
2025-05-01 10:12,EXC001,OP1001,1,0,0.0796,0,1,0,work
2025-05-01 10:13,EXC001,OP1001,1,0,0.0896,0,1,0,work
2025-05-01 10:14,EXC001,OP1001,1,0,0.0836,1,1,0,work
2025-05-01 10:15,EXC001,OP1001,1,0,0.094,0,1,0,work
2025-05-01 10:16,EXC001,OP1001,1,0,0.0926,1,1,0,work
2025-05-01 10:17,EXC001,OP1001,1,0,0.081,0,1,0,work
2025-05-01 10:18,EXC001,OP1001,1,0,0.0847,0,1,0,work
2025-05-01 10:19,EXC001,OP1001,1,0,0.0849,0,1,0,work
2025-05-01 10:20,EXC001,OP1001,1,0,0.0921,0,1,0,work
2025-05-01 10:21,EXC001,OP1001,1,0,0.0948,0,1,0,work
2025-05-01 10:22,EXC001,OP1001,1,0,0.0944,0,1,0,work
2025-05-01 10:23,EXC001,OP1001,1,0,0.089,0,1,0,work
2025-05-01 10:24,EXC001,OP1001,1,0,0.0877,0,1,0,work
2025-05-01 10:25,EXC001,OP1001,1,0,0.0803,0,1,0,work
2025-05-01 10:26,EXC001,OP1001,1,0,0.0913,1,1,0,work
2025-05-01 10:27,EXC001,OP1001,1,1,0.0313,0,1,0,short_idle
2025-05-01 10:28,EXC001,OP1001,1,1,0.0399,0,1,0,short_idle
2025-05-01 10:29,EXC001,OP1001,1,1,0.0322,0,1,0,short_idle
2025-05-01 10:30,EXC001,OP1001,1,1,0.0329,0,1,0,short_idle
2025-05-01 10:31,EXC001,OP1001,1,1,0.0318,0,1,0,short_idle
2025-05-01 10:32,EXC001,OP1001,1,1,0.032,0,1,0,short_idle
2025-05-01 10:33,EXC001,OP1001,1,1,0.0329,0,1,0,short_idle
2025-05-01 10:34,EXC001,OP1001,1,1,0.0395,0,1,0,short_idle
2025-05-01 10:35,EXC001,OP1001,1,1,0.0349,0,1,0,short_idle
2025-05-01 10:36,EXC001,OP1001,1,0,0.0916,0,1,0,work
2025-05-01 10:37,EXC001,OP1001,1,0,0.0856,0,1,0,work
2025-05-01 10:38,EXC001,OP1001,1,0,0.0947,0,1,0,work
2025-05-01 10:39,EXC001,OP1001,1,0,0.0795,0,1,0,work
2025-05-01 10:40,EXC001,OP1001,1,0,0.0871,0,1,0,work
2025-05-01 10:41,EXC001,OP1001,1,0,0.0832,1,1,0,work
2025-05-01 10:42,EXC001,OP1001,1,0,0.0862,0,1,0,work
2025-05-01 10:43,EXC001,OP1001,1,0,0.0886,0,1,0,work
2025-05-01 10:44,EXC001,OP1001,1,0,0.0785,0,1,0,work
2025-05-01 10:45,EXC001,OP1001,1,0,0.0903,1,1,0,work
2025-05-01 10:46,EXC001,OP1001,1,0,0.0806,1,1,0,work
2025-05-01 10:47,EXC001,OP1001,1,0,0.095,0,1,0,work
2025-05-01 10:48,EXC001,OP1001,1,0,0.0929,0,1,0,work
2025-05-01 10:49,EXC001,OP1001,1,0,0.0947,0,1,0,work
2025-05-01 10:50,EXC001,OP1001,1,0,0.0828,0,1,0,work
2025-05-01 10:51,EXC001,OP1001,1,0,0.0908,1,1,0,work
2025-05-01 10:52,EXC001,OP1001,1,0,0.0853,0,1,0,work
2025-05-01 10:53,EXC001,OP1001,1,0,0.0782,0,1,0,work
2025-05-01 10:54,EXC001,OP1001,1,0,0.0786,0,1,0,work
2025-05-01 10:55,EXC001,OP1001,1,0,0.0847,0,1,0,work
2025-05-01 10:56,EXC001,OP1001,1,0,0.0887,0,1,0,work
2025-05-01 10:57,EXC001,OP1001,1,0,0.0809,0,1,0,work
2025-05-01 10:58,EXC001,OP1001,1,0,0.0909,1,1,0,work
2025-05-01 10:59,EXC001,OP1001,1,0,0.0867,1,1,0,work
2025-05-01 11:00,EXC001,OP1001,1,0,0.0845,0,1,0,work
2025-05-01 11:01,EXC001,OP1001,1,0,0.0874,0,1,0,work
2025-05-01 11:02,EXC001,OP1001,1,0,0.0924,0,1,0,work
2025-05-01 11:03,EXC001,OP1001,1,0,0.0785,0,1,0,work
2025-05-01 11:04,EXC001,OP1001,1,0,0.0944,1,1,0,work
2025-05-01 11:05,EXC001,OP1001,1,0,0.0811,0,1,0,work
2025-05-01 11:06,EXC001,OP1001,1,0,0.08,0,1,0,work
2025-05-01 11:07,EXC001,OP1001,1,0,0.0867,0,1,0,work
2025-05-01 11:08,EXC001,OP1001,1,0,0.0937,0,1,0,work
2025-05-01 11:09,EXC001,OP1001,1,0,0.0891,1,1,0,work
2025-05-01 11:10,EXC001,OP1001,1,0,0.0895,0,1,0,work
2025-05-01 11:11,EXC001,OP1001,1,0,0.0771,1,1,0,work
2025-05-01 11:12,EXC001,OP1001,1,0,0.088,0,1,0,work
2025-05-01 11:13,EXC001,OP1001,1,0,0.0837,0,1,0,work
2025-05-01 11:14,EXC001,OP1001,1,0,0.0887,0,1,0,work
2025-05-01 11:15,EXC001,OP1001,1,0,0.0892,1,1,0,work
2025-05-01 11:16,EXC001,OP1001,1,0,0.0877,0,1,0,work
2025-05-01 11:17,EXC001,OP1001,1,0,0.0931,0,1,0,work
2025-05-01 11:18,EXC001,OP1001,1,0,0.0851,0,1,0,work
2025-05-01 11:19,EXC001,OP1001,1,0,0.0895,0,1,0,work
2025-05-01 11:20,EXC001,OP1001,1,0,0.0887,0,1,0,work
2025-05-01 11:21,EXC001,OP1001,1,0,0.0902,0,1,0,work
2025-05-01 11:22,EXC001,OP1001,1,0,0.0804,1,1,0,work
2025-05-01 11:23,EXC001,OP1001,1,0,0.0945,0,1,0,work
2025-05-01 11:24,EXC001,OP1001,1,0,0.0802,0,1,0,work
2025-05-01 11:25,EXC001,OP1001,1,0,0.0849,0,1,0,work
2025-05-01 11:26,EXC001,OP1001,1,0,0.0921,0,1,0,work
2025-05-01 11:27,EXC001,OP1001,1,0,0.0796,0,1,0,work
2025-05-01 11:28,EXC001,OP1001,1,0,0.0762,0,1,0,work
2025-05-01 11:29,EXC001,OP1001,1,0,0.0902,1,1,0,work
2025-05-01 11:30,EXC001,OP1001,1,0,0.0812,0,1,0,work
2025-05-01 11:31,EXC001,OP1001,1,0,0.0763,0,1,0,work
2025-05-01 11:32,EXC001,OP1001,1,0,0.0936,0,1,0,work
2025-05-01 11:33,EXC001,OP1001,1,0,0.088,0,1,0,work
2025-05-01 11:34,EXC001,OP1001,1,0,0.0873,0,0,0,work
2025-05-01 11:35,EXC001,OP1001,1,0,0.0881,0,1,0,work
2025-05-01 11:36,EXC001,OP1001,1,0,0.0786,0,1,0,work
2025-05-01 11:37,EXC001,OP1001,1,0,0.0822,0,1,0,work
2025-05-01 11:38,EXC001,OP1001,1,0,0.0851,0,1,0,work
2025-05-01 11:39,EXC001,OP1001,1,0,0.0873,0,1,0,work
2025-05-01 11:40,EXC001,OP1001,1,0,0.0936,0,1,0,work
2025-05-01 11:41,EXC001,OP1001,1,0,0.0942,0,1,0,work
2025-05-01 11:42,EXC001,OP1001,1,0,0.0792,0,1,0,work
2025-05-01 11:43,EXC001,OP1001,1,0,0.0901,0,1,0,work
2025-05-01 11:44,EXC001,OP1001,1,0,0.0861,0,1,0,work
2025-05-01 11:45,EXC001,OP1001,1,0,0.0788,0,1,0,work
2025-05-01 11:46,EXC001,OP1001,1,0,0.0776,0,1,0,work
2025-05-01 11:47,EXC001,OP1001,1,0,0.0831,0,1,0,work
2025-05-01 11:48,EXC001,OP1001,1,0,0.083,0,1,0,work
2025-05-01 11:49,EXC001,OP1001,1,0,0.0794,0,1,0,work
2025-05-01 11:50,EXC001,OP1001,1,0,0.0804,1,1,0,work
2025-05-01 11:51,EXC001,OP1001,1,0,0.0794,1,1,0,work
2025-05-01 11:52,EXC001,OP1001,1,0,0.0929,0,1,0,work
2025-05-01 11:53,EXC001,OP1001,1,0,0.0786,0,1,0,work
2025-05-01 11:54,EXC001,OP1001,1,0,0.0903,0,1,0,work
2025-05-01 11:55,EXC001,OP1001,1,0,0.0758,0,1,0,work
2025-05-01 11:56,EXC001,OP1001,1,0,0.0774,0,1,0,work
2025-05-01 11:57,EXC001,OP1001,1,0,0.0927,0,1,0,work
2025-05-01 11:58,EXC001,OP1001,1,0,0.0808,0,1,0,work
2025-05-01 11:59,EXC001,OP1001,1,0,0.0831,1,1,0,work
2025-05-01 12:00,EXC001,OP1001,1,0,0.0937,0,1,0,work
2025-05-01 12:01,EXC001,OP1001,1,0,0.0893,1,1,0,work
2025-05-01 12:02,EXC001,OP1001,1,0,0.0937,0,1,0,work
2025-05-01 12:03,EXC001,OP1001,1,0,0.0854,0,1,0,work
2025-05-01 12:04,EXC001,OP1001,1,0,0.0943,0,1,0,work
2025-05-01 12:05,EXC001,OP1001,1,0,0.0872,0,1,0,work
2025-05-01 12:06,EXC001,OP1001,1,0,0.0824,0,1,0,work
2025-05-01 12:07,EXC001,OP1001,1,0,0.0924,0,1,0,work
2025-05-01 12:08,EXC001,OP1001,1,0,0.0793,0,1,0,work
2025-05-01 12:09,EXC001,OP1001,1,0,0.0833,0,1,0,work
2025-05-01 12:10,EXC001,OP1001,1,0,0.0794,0,1,0,work
2025-05-01 12:11,EXC001,OP1001,1,0,0.0834,0,1,0,work
2025-05-01 12:12,EXC001,OP1001,1,0,0.0924,0,1,0,work
2025-05-01 12:13,EXC001,OP1001,1,0,0.0767,0,1,0,work
2025-05-01 12:14,EXC001,OP1001,1,0,0.0881,0,1,0,work
2025-05-01 12:15,EXC001,OP1001,1,0,0.0812,0,1,0,work
2025-05-01 12:16,EXC001,OP1001,1,0,0.0923,0,1,0,work
2025-05-01 12:17,EXC001,OP1001,1,0,0.0886,0,1,0,work
2025-05-01 12:18,EXC001,OP1001,1,0,0.076,0,1,0,work
2025-05-01 12:19,EXC001,OP1001,1,0,0.0922,1,1,0,work
2025-05-01 12:20,EXC001,OP1001,1,0,0.0924,1,1,0,work
2025-05-01 12:21,EXC001,OP1001,1,0,0.0836,0,1,0,work
2025-05-01 12:22,EXC001,OP1001,1,0,0.0771,0,1,0,work
2025-05-01 12:23,EXC001,OP1001,1,0,0.0783,0,1,0,work
2025-05-01 12:24,EXC001,OP1001,1,0,0.093,0,1,0,work
2025-05-01 12:25,EXC001,OP1001,1,0,0.0941,0,1,0,work
2025-05-01 12:26,EXC001,OP1001,1,0,0.0767,0,1,0,work
2025-05-01 12:27,EXC001,OP1001,1,0,0.0786,0,1,0,work
2025-05-01 12:28,EXC001,OP1001,1,0,0.0922,0,1,0,work
2025-05-01 12:29,EXC001,OP1001,1,0,0.0815,0,1,0,work
2025-05-01 12:30,EXC001,OP1001,1,0,0.0778,0,1,0,work
2025-05-01 12:31,EXC001,OP1001,1,0,0.0772,0,1,0,work
2025-05-01 12:32,EXC001,OP1001,1,0,0.0796,0,1,0,work
2025-05-01 12:33,EXC001,OP1001,1,0,0.0931,0,1,0,work
2025-05-01 12:34,EXC001,OP1001,1,0,0.0788,0,1,0,work
2025-05-01 12:35,EXC001,OP1001,1,0,0.0916,0,0,0,work
2025-05-01 12:36,EXC001,OP1001,1,0,0.0896,0,1,0,work
2025-05-01 12:37,EXC001,OP1001,1,0,0.0911,0,1,0,work
2025-05-01 12:38,EXC001,OP1001,1,0,0.0835,0,1,0,work
2025-05-01 12:39,EXC001,OP1001,1,0,0.0795,1,1,0,work
2025-05-01 12:40,EXC001,OP1001,1,0,0.0763,0,1,0,work
2025-05-01 12:41,EXC001,OP1001,1,0,0.0794,0,1,0,work
2025-05-01 12:42,EXC001,OP1001,1,0,0.0882,0,1,0,work
2025-05-01 12:43,EXC001,OP1001,1,0,0.0753,1,1,0,work
2025-05-01 12:44,EXC001,OP1001,1,1,0.0312,0,1,0,short_idle
2025-05-01 12:45,EXC001,OP1001,1,1,0.0351,0,1,0,short_idle
2025-05-01 12:46,EXC001,OP1001,1,1,0.0381,0,1,0,short_idle
2025-05-01 12:47,EXC001,OP1001,1,1,0.0362,0,1,0,short_idle
2025-05-01 12:48,EXC001,OP1001,1,0,0.0768,0,1,0,work
2025-05-01 12:49,EXC001,OP1001,1,0,0.0904,0,1,0,work
2025-05-01 12:50,EXC001,OP1001,1,0,0.0846,1,1,0,work
2025-05-01 12:51,EXC001,OP1001,1,0,0.0894,0,1,0,work
2025-05-01 12:52,EXC001,OP1001,1,0,0.0949,1,1,0,work
2025-05-01 12:53,EXC001,OP1001,1,0,0.0868,0,1,0,work
2025-05-01 12:54,EXC001,OP1001,1,0,0.0777,0,1,0,work
2025-05-01 12:55,EXC001,OP1001,1,0,0.0879,0,1,0,work
2025-05-01 12:56,EXC001,OP1001,1,0,0.0848,0,1,0,work
2025-05-01 12:57,EXC001,OP1001,1,0,0.0906,0,1,0,work
2025-05-01 12:58,EXC001,OP1001,1,0,0.076,0,1,0,work
2025-05-01 12:59,EXC001,OP1001,1,0,0.0804,0,1,0,work
2025-05-01 13:00,EXC001,OP1001,1,0,0.0807,1,1,0,work
2025-05-01 13:01,EXC001,OP1001,1,0,0.0887,1,1,0,work
2025-05-01 13:02,EXC001,OP1001,1,0,0.0814,0,1,0,work
2025-05-01 13:03,EXC001,OP1001,1,0,0.0821,1,1,0,work
2025-05-01 13:04,EXC001,OP1001,1,0,0.0811,1,1,0,work
2025-05-01 13:05,EXC001,OP1001,1,0,0.0765,0,1,0,work
2025-05-01 13:06,EXC001,OP1001,1,0,0.0936,0,1,0,work
2025-05-01 13:07,EXC001,OP1001,1,0,0.0822,1,1,0,work
2025-05-01 13:08,EXC001,OP1001,1,0,0.092,0,1,0,work
2025-05-01 13:09,EXC001,OP1001,1,0,0.0878,0,1,0,work
2025-05-01 13:10,EXC001,OP1001,1,0,0.092,0,1,0,work
2025-05-01 13:11,EXC001,OP1001,1,0,0.0925,1,1,0,work
2025-05-01 13:12,EXC001,OP1001,1,0,0.0867,0,1,0,work
2025-05-01 13:13,EXC001,OP1001,1,0,0.0794,0,1,0,work
2025-05-01 13:14,EXC001,OP1001,1,0,0.08,0,1,0,work
2025-05-01 13:15,EXC001,OP1001,1,0,0.0922,1,1,0,work
2025-05-01 13:16,EXC001,OP1001,1,0,0.0759,0,1,0,work
2025-05-01 13:17,EXC001,OP1001,1,0,0.0941,0,1,0,work
2025-05-01 13:18,EXC001,OP1001,1,0,0.0757,0,1,0,work
2025-05-01 13:19,EXC001,OP1001,1,0,0.0794,0,1,0,work
2025-05-01 13:20,EXC001,OP1001,1,0,0.0761,0,1,0,work
2025-05-01 13:21,EXC001,OP1001,1,0,0.0834,1,1,0,work
2025-05-01 13:22,EXC001,OP1001,1,0,0.0782,0,1,0,work
2025-05-01 13:23,EXC001,OP1001,1,0,0.0771,0,1,0,work
2025-05-01 13:24,EXC001,OP1001,1,0,0.0811,0,1,0,work
2025-05-01 13:25,EXC001,OP1001,1,0,0.091,0,1,0,work
2025-05-01 13:26,EXC001,OP1001,1,0,0.0837,1,1,0,work
2025-05-01 13:27,EXC001,OP1001,1,0,0.0763,0,1,0,work
2025-05-01 13:28,EXC001,OP1001,1,0,0.0807,0,1,0,work
2025-05-01 13:29,EXC001,OP1001,1,0,0.0857,0,1,0,work
2025-05-01 13:30,EXC001,OP1001,1,0,0.0891,1,1,0,work
2025-05-01 13:31,EXC001,OP1001,1,0,0.0841,0,1,0,work
2025-05-01 13:32,EXC001,OP1001,1,0,0.0886,0,1,0,work
2025-05-01 13:33,EXC001,OP1001,1,0,0.0946,0,1,0,work
2025-05-01 13:34,EXC001,OP1001,1,0,0.0785,0,1,0,work
2025-05-01 13:35,EXC001,OP1001,1,0,0.0824,0,1,0,work
2025-05-01 13:36,EXC001,OP1001,1,0,0.0765,0,1,0,work
2025-05-01 13:37,EXC001,OP1001,1,0,0.09,0,1,0,work
2025-05-01 13:38,EXC001,OP1001,1,0,0.0938,0,1,0,work
2025-05-01 13:39,EXC001,OP1001,1,0,0.0774,1,1,0,work
2025-05-01 13:40,EXC001,OP1001,1,0,0.0782,1,1,0,work
2025-05-01 13:41,EXC001,OP1001,1,0,0.0757,0,1,0,work
2025-05-01 13:42,EXC001,OP1001,1,0,0.0858,0,1,0,work
2025-05-01 13:43,EXC001,OP1001,1,0,0.092,0,1,0,work
2025-05-01 13:44,EXC001,OP1001,1,0,0.076,0,1,0,work
2025-05-01 13:45,EXC001,OP1001,1,0,0.0801,0,1,0,work
2025-05-01 13:46,EXC001,OP1001,1,0,0.0942,0,1,0,work
2025-05-01 13:47,EXC001,OP1001,1,0,0.0754,0,1,0,work
2025-05-01 13:48,EXC001,OP1001,1,0,0.0751,0,1,0,work
2025-05-01 13:49,EXC001,OP1001,1,0,0.0808,0,1,0,work
2025-05-01 13:50,EXC001,OP1001,1,0,0.0822,0,1,0,work
2025-05-01 13:51,EXC001,OP1001,1,0,0.0818,1,1,0,work
2025-05-01 13:52,EXC001,OP1001,1,0,0.0755,1,1,0,work
2025-05-01 13:53,EXC001,OP1001,1,0,0.0919,0,1,0,work
2025-05-01 13:54,EXC001,OP1001,1,0,0.089,0,1,0,work
2025-05-01 13:55,EXC001,OP1001,1,0,0.0924,0,1,0,work
2025-05-01 13:56,EXC001,OP1001,1,0,0.0755,1,1,0,work
2025-05-01 13:57,EXC001,OP1001,1,0,0.0823,1,1,0,work
2025-05-01 13:58,EXC001,OP1001,1,0,0.0829,0,1,0,work
2025-05-01 13:59,EXC001,OP1001,1,1,0.0349,0,0,0,short_idle
2025-05-01 14:00,EXC001,OP1001,1,1,0.0386,0,1,0,short_idle
2025-05-01 14:01,EXC001,OP1001,1,1,0.0327,0,1,0,short_idle
2025-05-01 14:02,EXC001,OP1001,1,1,0.0358,0,1,0,short_idle
2025-05-01 14:03,EXC001,OP1001,1,1,0.0327,0,1,0,short_idle
2025-05-01 14:04,EXC001,OP1001,1,1,0.0399,0,1,0,short_idle
2025-05-01 14:05,EXC001,OP1001,1,1,0.0323,0,1,0,short_idle
2025-05-01 14:06,EXC001,OP1001,1,1,0.034,0,1,0,short_idle
2025-05-01 14:07,EXC001,OP1001,1,1,0.0386,0,1,0,short_idle
2025-05-01 14:08,EXC001,OP1001,1,1,0.039,0,1,0,short_idle
2025-05-01 14:09,EXC001,OP1001,1,0,0.0866,1,1,0,work
2025-05-01 14:10,EXC001,OP1001,1,0,0.0771,0,1,0,work
2025-05-01 14:11,EXC001,OP1001,1,0,0.0908,0,1,0,work
2025-05-01 14:12,EXC001,OP1001,1,0,0.0836,0,1,0,work
2025-05-01 14:13,EXC001,OP1001,1,0,0.0868,0,1,0,work
2025-05-01 14:14,EXC001,OP1001,1,0,0.0777,0,1,0,work
2025-05-01 14:15,EXC001,OP1001,1,0,0.0891,0,1,0,work
2025-05-01 14:16,EXC001,OP1001,1,0,0.0894,0,1,0,work
2025-05-01 14:17,EXC001,OP1001,1,0,0.0838,1,1,0,work
2025-05-01 14:18,EXC001,OP1001,1,0,0.0841,0,1,0,work
2025-05-01 14:19,EXC001,OP1001,1,0,0.0917,0,1,0,work
2025-05-01 14:20,EXC001,OP1001,1,0,0.0911,1,1,0,work
2025-05-01 14:21,EXC001,OP1001,1,0,0.0883,0,1,0,work
2025-05-01 14:22,EXC001,OP1001,1,0,0.0817,0,1,0,work
2025-05-01 14:23,EXC001,OP1001,1,0,0.0905,0,1,0,work
2025-05-01 14:24,EXC001,OP1001,1,0,0.0835,0,1,0,work
2025-05-01 14:25,EXC001,OP1001,1,0,0.0833,0,1,0,work
2025-05-01 14:26,EXC001,OP1001,1,0,0.0893,1,1,0,work
2025-05-01 14:27,EXC001,OP1001,1,0,0.0802,0,1,0,work
2025-05-01 14:28,EXC001,OP1001,1,0,0.0878,0,1,1,work
2025-05-01 14:29,EXC001,OP1001,1,0,0.0766,0,1,0,work
2025-05-01 14:30,EXC001,OP1001,1,0,0.0922,1,1,0,work
2025-05-01 14:31,EXC001,OP1001,1,0,0.0807,0,1,0,work
2025-05-01 14:32,EXC001,OP1001,1,0,0.0849,0,1,0,work
2025-05-01 14:33,EXC001,OP1001,1,0,0.0792,0,1,0,work
2025-05-01 14:34,EXC001,OP1001,1,0,0.0886,0,1,0,work
2025-05-01 14:35,EXC001,OP1001,1,0,0.0847,0,1,0,work
2025-05-01 14:36,EXC001,OP1001,1,0,0.0932,0,1,0,work
2025-05-01 14:37,EXC001,OP1001,1,0,0.0831,0,1,0,work
2025-05-01 14:38,EXC001,OP1001,1,0,0.0867,0,1,0,work
2025-05-01 14:39,EXC001,OP1001,1,0,0.0834,0,1,0,work
2025-05-01 14:40,EXC001,OP1001,1,0,0.0793,0,1,0,work
2025-05-01 14:41,EXC001,OP1001,1,0,0.0779,0,1,0,work
2025-05-01 14:42,EXC001,OP1001,1,0,0.081,0,1,0,work
2025-05-01 14:43,EXC001,OP1001,1,0,0.089,0,1,0,work
2025-05-01 14:44,EXC001,OP1001,1,0,0.0838,0,1,0,work
2025-05-01 14:45,EXC001,OP1001,1,0,0.0939,0,1,0,work
2025-05-01 14:46,EXC001,OP1001,1,0,0.084,0,1,0,work
2025-05-01 14:47,EXC001,OP1001,1,0,0.0918,1,1,0,work
2025-05-01 14:48,EXC001,OP1001,1,0,0.0881,0,1,0,work
2025-05-01 14:49,EXC001,OP1001,1,0,0.0803,0,1,0,work
2025-05-01 14:50,EXC001,OP1001,1,0,0.0856,0,1,0,work
2025-05-01 14:51,EXC001,OP1001,1,0,0.0906,0,1,0,work
2025-05-01 14:52,EXC001,OP1001,1,0,0.0835,0,1,0,work
2025-05-01 14:53,EXC001,OP1001,1,0,0.088,0,1,0,work
2025-05-01 14:54,EXC001,OP1001,1,0,0.082,0,1,0,work
2025-05-01 14:55,EXC001,OP1001,1,0,0.0894,0,1,0,work
2025-05-01 14:56,EXC001,OP1001,1,0,0.086,0,1,0,work
2025-05-01 14:57,EXC001,OP1001,1,0,0.076,0,1,0,work
2025-05-01 14:58,EXC001,OP1001,1,0,0.0786,0,1,0,work
2025-05-01 14:59,EXC001,OP1001,1,0,0.0774,0,1,0,work
2025-05-01 15:00,EXC001,OP1001,1,0,0.0912,0,1,0,work
2025-05-01 15:01,EXC001,OP1001,1,0,0.0835,0,1,0,work
2025-05-01 15:02,EXC001,OP1001,1,0,0.0931,0,1,0,work
2025-05-01 15:03,EXC001,OP1001,1,0,0.0902,0,1,0,work
2025-05-01 15:04,EXC001,OP1001,1,0,0.0863,0,1,0,work
2025-05-01 15:05,EXC001,OP1001,1,0,0.0819,0,1,0,work
2025-05-01 15:06,EXC001,OP1001,1,0,0.0845,1,1,0,work
2025-05-01 15:07,EXC001,OP1001,1,0,0.0764,0,1,0,work
2025-05-01 15:08,EXC001,OP1001,1,0,0.0795,0,1,0,work
2025-05-01 15:09,EXC001,OP1001,1,0,0.088,0,1,1,work
2025-05-01 15:10,EXC001,OP1001,1,0,0.0819,0,1,0,work
2025-05-01 15:11,EXC001,OP1001,1,0,0.0856,0,1,0,work
2025-05-01 15:12,EXC001,OP1001,1,0,0.0752,0,1,0,work
2025-05-01 15:13,EXC001,OP1001,1,0,0.0788,0,1,0,work
2025-05-01 15:14,EXC001,OP1001,1,0,0.0785,0,1,0,work
2025-05-01 15:15,EXC001,OP1001,1,0,0.0818,1,1,0,work
2025-05-01 15:16,EXC001,OP1001,1,0,0.0832,0,1,0,work
2025-05-01 15:17,EXC001,OP1001,1,0,0.0885,0,1,0,work
2025-05-01 15:18,EXC001,OP1001,1,0,0.0919,0,1,0,work
2025-05-01 15:19,EXC001,OP1001,1,0,0.095,0,1,0,work
2025-05-01 15:20,EXC001,OP1001,1,0,0.0797,1,1,0,work
2025-05-01 15:21,EXC001,OP1001,1,0,0.0815,0,1,0,work
2025-05-01 15:22,EXC001,OP1001,1,0,0.0807,0,1,0,work
2025-05-01 15:23,EXC001,OP1001,1,0,0.0768,1,1,0,work
2025-05-01 15:24,EXC001,OP1001,1,0,0.0838,0,1,0,work
2025-05-01 15:25,EXC001,OP1001,1,0,0.0935,0,1,0,work
2025-05-01 15:26,EXC001,OP1001,1,0,0.0921,0,1,0,work
2025-05-01 15:27,EXC001,OP1001,1,0,0.0846,0,1,0,work
2025-05-01 15:28,EXC001,OP1001,1,0,0.0762,1,1,0,work
2025-05-01 15:29,EXC001,OP1001,1,0,0.0928,0,1,0,work
2025-05-01 15:30,EXC001,OP1001,1,0,0.0859,0,1,0,work
2025-05-01 15:31,EXC001,OP1001,1,0,0.0949,0,1,0,work
2025-05-01 15:32,EXC001,OP1001,1,0,0.0866,0,1,0,work
2025-05-01 15:33,EXC001,OP1001,1,0,0.0793,1,1,0,work
2025-05-01 15:34,EXC001,OP1001,1,0,0.0751,0,1,0,work
2025-05-01 15:35,EXC001,OP1001,1,0,0.0758,1,1,0,work
2025-05-01 15:36,EXC001,OP1001,1,0,0.0916,0,1,0,work
2025-05-01 15:37,EXC001,OP1001,1,0,0.083,0,1,0,work
2025-05-01 15:38,EXC001,OP1001,1,0,0.0752,0,1,0,work
2025-05-01 15:39,EXC001,OP1001,1,0,0.091,1,1,0,work
2025-05-01 15:40,EXC001,OP1001,1,0,0.0801,0,1,0,work
2025-05-01 15:41,EXC001,OP1001,1,0,0.0835,0,1,0,work
2025-05-01 15:42,EXC001,OP1001,1,0,0.0893,0,1,0,work
2025-05-01 15:43,EXC001,OP1001,1,0,0.0871,0,1,0,work
2025-05-01 15:44,EXC001,OP1001,1,0,0.0804,0,1,0,work
2025-05-01 15:45,EXC001,OP1001,1,0,0.0884,0,1,0,work
2025-05-01 15:46,EXC001,OP1001,1,0,0.089,0,1,0,work
2025-05-01 15:47,EXC001,OP1001,1,0,0.0917,0,1,0,work
2025-05-01 15:48,EXC001,OP1001,1,0,0.0877,0,1,0,work
2025-05-01 15:49,EXC001,OP1001,1,0,0.095,0,1,0,work
2025-05-01 15:50,EXC001,OP1001,1,0,0.0841,0,1,0,work
2025-05-01 15:51,EXC001,OP1001,1,0,0.0876,1,1,0,work
2025-05-01 15:52,EXC001,OP1001,1,0,0.0838,0,1,0,work
2025-05-01 15:53,EXC001,OP1001,1,0,0.0948,0,1,0,work
2025-05-01 15:54,EXC001,OP1001,1,0,0.0776,0,1,0,work
2025-05-01 15:55,EXC001,OP1001,1,0,0.0786,0,1,0,work
2025-05-01 15:56,EXC001,OP1001,1,0,0.0772,0,1,0,work
2025-05-01 15:57,EXC001,OP1001,1,0,0.0816,0,1,0,work
2025-05-01 15:58,EXC001,OP1001,1,0,0.0814,1,1,0,work
2025-05-01 15:59,EXC001,OP1001,1,0,0.0844,0,1,0,work
2025-05-01 16:00,EXC001,OP1001,1,0,0.0797,0,1,0,work
2025-05-01 16:01,EXC001,OP1001,1,0,0.081,1,1,0,work
2025-05-01 16:02,EXC001,OP1001,1,0,0.0883,0,1,0,work
2025-05-01 16:03,EXC001,OP1001,1,0,0.0822,1,1,0,work
2025-05-01 16:04,EXC001,OP1001,1,0,0.0831,0,1,0,work
2025-05-01 16:05,EXC001,OP1001,1,0,0.0821,1,1,0,work
2025-05-01 16:06,EXC001,OP1001,1,0,0.0801,0,1,0,work
2025-05-01 16:07,EXC001,OP1001,1,0,0.0841,0,1,0,work
2025-05-01 16:08,EXC001,OP1001,1,0,0.0762,0,1,0,work
2025-05-01 16:09,EXC001,OP1001,1,0,0.0933,0,1,0,work
2025-05-01 16:10,EXC001,OP1001,1,0,0.084,0,1,0,work
2025-05-01 16:11,EXC001,OP1001,1,0,0.0873,0,1,0,work
2025-05-01 16:12,EXC001,OP1001,1,0,0.0852,1,1,0,work
2025-05-01 16:13,EXC001,OP1001,1,0,0.0781,0,1,0,work
2025-05-01 16:14,EXC001,OP1001,1,0,0.0856,0,1,0,work
2025-05-01 16:15,EXC001,OP1001,1,0,0.0911,0,1,0,work
2025-05-01 16:16,EXC001,OP1001,1,0,0.089,0,1,0,work
2025-05-01 16:17,EXC001,OP1001,1,0,0.0891,0,1,0,work
2025-05-01 16:18,EXC001,OP1001,1,0,0.0838,0,1,0,work
2025-05-01 16:19,EXC001,OP1001,1,0,0.0932,0,1,0,work
2025-05-01 16:20,EXC001,OP1001,1,0,0.0897,0,1,0,work
2025-05-01 16:21,EXC001,OP1001,1,0,0.0837,1,1,0,work
2025-05-01 16:22,EXC001,OP1001,1,0,0.088,0,1,0,work
2025-05-01 16:23,EXC001,OP1001,1,0,0.0759,0,1,0,work
2025-05-01 16:24,EXC001,OP1001,1,0,0.0948,1,1,0,work
2025-05-01 16:25,EXC001,OP1001,1,0,0.0925,0,1,0,work
2025-05-01 16:26,EXC001,OP1001,1,0,0.0903,0,1,0,work
2025-05-01 16:27,EXC001,OP1001,1,0,0.0873,0,1,0,work
2025-05-01 16:28,EXC001,OP1001,1,0,0.0828,0,1,0,work
2025-05-01 16:29,EXC001,OP1001,1,0,0.0773,0,1,0,work
2025-05-01 16:30,EXC001,OP1001,1,0,0.0835,0,1,0,work
2025-05-01 16:31,EXC001,OP1001,1,0,0.0879,0,1,0,work
2025-05-01 16:32,EXC001,OP1001,1,0,0.0753,0,1,0,work
2025-05-01 16:33,EXC001,OP1001,1,0,0.0783,0,1,0,work
2025-05-01 16:34,EXC001,OP1001,1,0,0.0894,1,1,0,work
2025-05-01 16:35,EXC001,OP1001,1,0,0.0893,1,1,0,work
2025-05-01 16:36,EXC001,OP1001,1,0,0.0914,0,1,0,work
2025-05-01 16:37,EXC001,OP1001,1,0,0.0924,0,1,0,work
2025-05-01 16:38,EXC001,OP1001,1,0,0.091,0,1,0,work
2025-05-01 16:39,EXC001,OP1001,1,0,0.09,0,1,0,work
2025-05-01 16:40,EXC001,OP1001,1,0,0.0878,0,1,0,work
2025-05-01 16:41,EXC001,OP1001,1,0,0.0761,0,1,0,work
2025-05-01 16:42,EXC001,OP1001,1,0,0.0858,1,1,0,work
2025-05-01 16:43,EXC001,OP1001,1,0,0.0855,0,1,0,work
2025-05-01 16:44,EXC001,OP1001,1,0,0.0893,1,1,0,work
2025-05-01 16:45,EXC001,OP1001,1,0,0.0876,1,1,0,work
2025-05-01 16:46,EXC001,OP1001,1,0,0.0766,0,1,0,work
2025-05-01 16:47,EXC001,OP1001,1,0,0.0873,0,1,0,work
2025-05-01 16:48,EXC001,OP1001,1,0,0.0861,0,1,0,work
2025-05-01 16:49,EXC001,OP1001,1,0,0.0928,0,1,0,work
2025-05-01 16:50,EXC001,OP1001,1,0,0.0912,0,1,0,work
2025-05-01 16:51,EXC001,OP1001,1,0,0.0828,1,1,0,work
2025-05-01 16:52,EXC001,OP1001,1,0,0.0773,0,1,0,work
2025-05-01 16:53,EXC001,OP1001,1,0,0.0827,0,1,0,work
2025-05-01 16:54,EXC001,OP1001,1,0,0.0801,0,1,0,work
2025-05-01 16:55,EXC001,OP1001,1,0,0.09,0,1,0,work
2025-05-01 16:56,EXC001,OP1001,1,0,0.0877,0,1,0,work
2025-05-01 16:57,EXC001,OP1001,1,0,0.078,0,1,0,work
2025-05-01 16:58,EXC001,OP1001,1,0,0.0923,0,1,0,work
2025-05-01 16:59,EXC001,OP1001,1,0,0.0819,0,1,0,work
2025-05-01 17:00,EXC001,OP1001,1,0,0.0853,0,1,0,work
2025-05-01 17:01,EXC001,OP1001,1,0,0.0795,1,1,0,work
2025-05-01 17:02,EXC001,OP1001,1,0,0.0872,0,1,0,work
2025-05-01 17:03,EXC001,OP1001,1,0,0.0887,0,1,0,work
2025-05-01 17:04,EXC001,OP1001,1,0,0.0885,0,1,0,work
2025-05-01 17:05,EXC001,OP1001,1,0,0.0922,0,1,0,work
2025-05-01 17:06,EXC001,OP1001,1,0,0.0856,0,1,0,work
2025-05-01 17:07,EXC001,OP1001,1,0,0.0902,1,1,0,work
2025-05-01 17:08,EXC001,OP1001,1,0,0.0891,1,1,0,work
2025-05-01 17:09,EXC001,OP1001,1,0,0.0834,0,1,0,work
2025-05-01 17:10,EXC001,OP1001,1,0,0.0894,1,1,0,work
2025-05-01 17:11,EXC001,OP1001,1,0,0.0759,1,1,0,work
2025-05-01 17:12,EXC001,OP1001,1,0,0.0806,1,1,0,work
2025-05-01 17:13,EXC001,OP1001,1,0,0.0939,0,1,0,work
2025-05-01 17:14,EXC001,OP1001,1,0,0.0758,0,1,0,work
2025-05-01 17:15,EXC001,OP1001,1,0,0.0876,0,1,0,work
2025-05-01 17:16,EXC001,OP1001,1,0,0.0938,0,1,0,work
2025-05-01 17:17,EXC001,OP1001,1,0,0.0794,0,1,0,work
2025-05-01 17:18,EXC001,OP1001,1,0,0.095,1,1,0,work
2025-05-01 17:19,EXC001,OP1001,1,0,0.0781,0,1,0,work
2025-05-01 17:20,EXC001,OP1001,1,0,0.0884,0,1,0,work
2025-05-01 17:21,EXC001,OP1001,1,0,0.0881,0,1,0,work
2025-05-01 17:22,EXC001,OP1001,1,0,0.0788,0,1,0,work
2025-05-01 17:23,EXC001,OP1001,1,0,0.0919,0,1,0,work
2025-05-01 17:24,EXC001,OP1001,1,0,0.0843,0,1,0,work
2025-05-01 17:25,EXC001,OP1001,1,0,0.0829,1,1,0,work
2025-05-01 17:26,EXC001,OP1001,1,0,0.0795,0,1,0,work
2025-05-01 17:27,EXC001,OP1001,1,0,0.0888,0,1,0,work
2025-05-01 17:28,EXC001,OP1001,1,0,0.0769,0,1,0,work
2025-05-01 17:29,EXC001,OP1001,1,0,0.084,0,1,0,work
2025-05-01 17:30,EXC001,OP1001,1,0,0.091,0,1,0,work
2025-05-01 17:31,EXC001,OP1001,1,0,0.0934,0,1,0,work
2025-05-01 17:32,EXC001,OP1001,1,0,0.0842,0,1,0,work
2025-05-01 17:33,EXC001,OP1001,1,0,0.0938,0,1,0,work
2025-05-01 17:34,EXC001,OP1001,1,0,0.076,0,1,0,work
2025-05-01 17:35,EXC001,OP1001,1,0,0.0948,0,1,0,work
2025-05-01 17:36,EXC001,OP1001,1,0,0.0858,0,1,0,work
2025-05-01 17:37,EXC001,OP1001,1,0,0.0781,1,1,0,work
2025-05-01 17:38,EXC001,OP1001,1,0,0.0765,0,1,0,work
2025-05-01 17:39,EXC001,OP1001,1,0,0.0907,0,1,0,work
2025-05-01 17:40,EXC001,OP1001,1,0,0.0863,0,1,0,work
2025-05-01 17:41,EXC001,OP1001,1,0,0.09,0,1,0,work
2025-05-01 17:42,EXC001,OP1001,1,0,0.0903,1,1,0,work
2025-05-01 17:43,EXC001,OP1001,1,0,0.0795,0,1,0,work
2025-05-01 17:44,EXC001,OP1001,1,0,0.0884,0,1,0,work
2025-05-01 17:45,EXC001,OP1001,1,0,0.0937,0,1,0,work
2025-05-01 17:46,EXC001,OP1001,1,0,0.088,0,1,0,work
2025-05-01 17:47,EXC001,OP1001,1,0,0.0933,0,1,0,work
2025-05-01 17:48,EXC001,OP1001,1,0,0.0932,1,1,0,work
2025-05-01 17:49,EXC001,OP1001,1,0,0.0809,0,1,0,work
2025-05-01 17:50,EXC001,OP1001,1,0,0.0797,1,1,0,work
2025-05-01 17:51,EXC001,OP1001,1,0,0.095,0,1,0,work
2025-05-01 17:52,EXC001,OP1001,1,0,0.0773,0,1,0,work
2025-05-01 17:53,EXC001,OP1001,1,0,0.0769,1,1,0,work
2025-05-01 17:54,EXC001,OP1001,1,0,0.0919,0,1,0,work
2025-05-01 17:55,EXC001,OP1001,1,0,0.0846,1,1,0,work
2025-05-01 17:56,EXC001,OP1001,1,0,0.0912,0,1,0,work
2025-05-01 17:57,EXC001,OP1001,1,0,0.0888,0,1,0,work
2025-05-01 17:58,EXC001,OP1001,1,0,0.0796,0,1,0,work
2025-05-01 17:59,EXC001,OP1001,1,0,0.0912,0,1,0,work
2025-05-02 08:00,EXC001,OP1001,1,1,0.0325,0,0,0,long_idle_unbelted
2025-05-02 08:01,EXC001,OP1001,1,1,0.0373,0,0,0,long_idle_unbelted
2025-05-02 08:02,EXC001,OP1001,1,1,0.0322,0,0,0,long_idle_unbelted
2025-05-02 08:03,EXC001,OP1001,1,1,0.036,0,0,0,long_idle_unbelted
2025-05-02 08:04,EXC001,OP1001,1,1,0.0365,0,0,0,long_idle_unbelted
2025-05-02 08:05,EXC001,OP1001,1,1,0.0397,0,0,0,long_idle_unbelted
2025-05-02 08:06,EXC001,OP1001,1,1,0.0386,0,0,0,long_idle_unbelted
2025-05-02 08:07,EXC001,OP1001,1,1,0.0308,0,1,0,long_idle_unbelted
2025-05-02 08:08,EXC001,OP1001,1,1,0.0365,0,0,0,long_idle_unbelted
2025-05-02 08:09,EXC001,OP1001,1,1,0.0344,0,1,0,long_idle_unbelted
2025-05-02 08:10,EXC001,OP1001,1,1,0.03,0,0,0,long_idle_unbelted
2025-05-02 08:11,EXC001,OP1001,1,1,0.0349,0,1,0,long_idle_unbelted
2025-05-02 08:12,EXC001,OP1001,1,1,0.0392,0,0,0,long_idle_unbelted
2025-05-02 08:13,EXC001,OP1001,1,1,0.0339,0,0,0,long_idle_unbelted
2025-05-02 08:14,EXC001,OP1001,1,1,0.0322,0,1,0,long_idle_unbelted
2025-05-02 08:15,EXC001,OP1001,1,1,0.0324,0,1,0,long_idle_unbelted
2025-05-02 08:16,EXC001,OP1001,1,1,0.0305,0,1,0,long_idle_unbelted
2025-05-02 08:17,EXC001,OP1001,1,1,0.0385,0,0,0,long_idle_unbelted
2025-05-02 08:18,EXC001,OP1001,1,1,0.03,0,0,0,long_idle_unbelted
2025-05-02 08:19,EXC001,OP1001,1,1,0.0326,0,1,0,long_idle_unbelted
2025-05-02 08:20,EXC001,OP1001,1,1,0.0375,0,0,0,long_idle_unbelted
2025-05-02 08:21,EXC001,OP1001,1,1,0.0333,0,0,0,long_idle_unbelted
2025-05-02 08:22,EXC001,OP1001,1,1,0.032,0,0,0,long_idle_unbelted
2025-05-02 08:23,EXC001,OP1001,1,1,0.0355,0,1,0,long_idle_unbelted
2025-05-02 08:24,EXC001,OP1001,1,1,0.0367,0,0,0,long_idle_unbelted
2025-05-02 08:25,EXC001,OP1001,1,1,0.0371,0,0,0,long_idle_unbelted
2025-05-02 08:26,EXC001,OP1001,1,1,0.0366,0,0,0,long_idle_unbelted
2025-05-02 08:27,EXC001,OP1001,1,1,0.0318,0,0,0,long_idle_unbelted
2025-05-02 08:28,EXC001,OP1001,1,1,0.0338,0,0,0,long_idle_unbelted
2025-05-02 08:29,EXC001,OP1001,1,1,0.0331,0,1,0,long_idle_unbelted
2025-05-02 08:30,EXC001,OP1001,1,1,0.0354,0,1,0,long_idle_unbelted
2025-05-02 08:31,EXC001,OP1001,1,1,0.0332,0,0,0,long_idle_unbelted
2025-05-02 08:32,EXC001,OP1001,1,1,0.0308,0,0,0,long_idle_unbelted
2025-05-02 08:33,EXC001,OP1001,1,1,0.0343,0,1,0,long_idle_unbelted
2025-05-02 08:34,EXC001,OP1001,1,1,0.032,0,0,0,long_idle_unbelted
2025-05-02 08:35,EXC001,OP1001,1,1,0.0339,0,0,0,long_idle_unbelted
2025-05-02 08:36,EXC001,OP1001,1,1,0.0338,0,0,0,long_idle_unbelted
2025-05-02 08:37,EXC001,OP1001,1,1,0.0351,0,1,0,long_idle_unbelted
2025-05-02 08:38,EXC001,OP1001,1,1,0.0308,0,0,0,long_idle_unbelted
2025-05-02 08:39,EXC001,OP1001,1,1,0.0361,0,0,0,long_idle_unbelted
2025-05-02 08:40,EXC001,OP1001,1,0,0.0938,0,1,0,work
2025-05-02 08:41,EXC001,OP1001,1,0,0.082,0,1,0,work
2025-05-02 08:42,EXC001,OP1001,1,0,0.0933,0,1,0,work
2025-05-02 08:43,EXC001,OP1001,1,0,0.083,0,1,0,work
2025-05-02 08:44,EXC001,OP1001,1,0,0.0844,1,1,0,work
2025-05-02 08:45,EXC001,OP1001,1,0,0.09,0,1,0,work
2025-05-02 08:46,EXC001,OP1001,1,0,0.0844,0,1,0,work
2025-05-02 08:47,EXC001,OP1001,1,0,0.0924,0,1,0,work
2025-05-02 08:48,EXC001,OP1001,1,0,0.0899,0,1,0,work
2025-05-02 08:49,EXC001,OP1001,1,0,0.0829,0,1,0,work
2025-05-02 08:50,EXC001,OP1001,1,0,0.0781,0,1,0,work
2025-05-02 08:51,EXC001,OP1001,1,0,0.0931,0,1,0,work
2025-05-02 08:52,EXC001,OP1001,1,0,0.0789,1,1,0,work
2025-05-02 08:53,EXC001,OP1001,1,0,0.0909,0,1,0,work
2025-05-02 08:54,EXC001,OP1001,1,0,0.0947,0,1,0,work
2025-05-02 08:55,EXC001,OP1001,1,0,0.0867,0,1,0,work
2025-05-02 08:56,EXC001,OP1001,1,0,0.0805,0,1,0,work
2025-05-02 08:57,EXC001,OP1001,1,0,0.0896,0,1,0,work
2025-05-02 08:58,EXC001,OP1001,1,0,0.0883,1,1,0,work
2025-05-02 08:59,EXC001,OP1001,1,0,0.0848,0,1,0,work
2025-05-02 09:00,EXC001,OP1001,1,0,0.0806,0,1,0,work
2025-05-02 09:01,EXC001,OP1001,1,0,0.0815,1,1,0,work
2025-05-02 09:02,EXC001,OP1001,1,0,0.0902,1,1,0,work
2025-05-02 09:03,EXC001,OP1001,1,0,0.0844,1,1,0,work
2025-05-02 09:04,EXC001,OP1001,1,0,0.0794,0,1,0,work
2025-05-02 09:05,EXC001,OP1001,1,0,0.089,1,1,0,work
2025-05-02 09:06,EXC001,OP1001,1,0,0.0889,0,1,0,work
2025-05-02 09:07,EXC001,OP1001,1,0,0.0935,1,1,0,work
2025-05-02 09:08,EXC001,OP1001,1,0,0.0865,0,1,0,work
2025-05-02 09:09,EXC001,OP1001,1,0,0.0779,1,1,0,work
2025-05-02 09:10,EXC001,OP1001,1,0,0.0809,1,1,0,work
2025-05-02 09:11,EXC001,OP1001,1,0,0.0865,0,1,0,work
2025-05-02 09:12,EXC001,OP1001,1,0,0.0911,0,1,0,work
2025-05-02 09:13,EXC001,OP1001,1,0,0.0858,0,1,0,work
2025-05-02 09:14,EXC001,OP1001,1,0,0.0884,0,1,0,work
2025-05-02 09:15,EXC001,OP1001,1,0,0.0781,0,1,0,work
2025-05-02 09:16,EXC001,OP1001,1,0,0.0796,0,1,0,work
2025-05-02 09:17,EXC001,OP1001,1,0,0.0802,0,1,0,work
2025-05-02 09:18,EXC001,OP1001,1,0,0.0797,0,1,0,work
2025-05-02 09:19,EXC001,OP1001,1,0,0.0945,1,1,0,work
2025-05-02 09:20,EXC001,OP1001,1,0,0.0883,0,1,0,work
2025-05-02 09:21,EXC001,OP1001,1,0,0.077,0,1,0,work
2025-05-02 09:22,EXC001,OP1001,1,0,0.0949,0,1,0,work
2025-05-02 09:23,EXC001,OP1001,1,0,0.0893,0,1,0,work
2025-05-02 09:24,EXC001,OP1001,1,0,0.0866,0,1,0,work
2025-05-02 09:25,EXC001,OP1001,1,0,0.0819,0,1,0,work
2025-05-02 09:26,EXC001,OP1001,1,0,0.0776,0,1,0,work
2025-05-02 09:27,EXC001,OP1001,1,0,0.091,0,1,0,work
2025-05-02 09:28,EXC001,OP1001,1,0,0.0831,0,1,0,work
2025-05-02 09:29,EXC001,OP1001,1,0,0.0894,0,1,0,work
2025-05-02 09:30,EXC001,OP1001,1,0,0.0815,0,1,0,work
2025-05-02 09:31,EXC001,OP1001,1,0,0.0804,0,1,0,work
2025-05-02 09:32,EXC001,OP1001,1,0,0.076,0,1,0,work
2025-05-02 09:33,EXC001,OP1001,1,0,0.0903,1,1,0,work
2025-05-02 09:34,EXC001,OP1001,1,0,0.0851,0,1,0,work
2025-05-02 09:35,EXC001,OP1001,1,0,0.0906,0,1,0,work
2025-05-02 09:36,EXC001,OP1001,1,0,0.078,0,0,0,work
2025-05-02 09:37,EXC001,OP1001,1,0,0.0876,0,1,0,work
2025-05-02 09:38,EXC001,OP1001,1,0,0.0877,0,1,0,work
2025-05-02 09:39,EXC001,OP1001,1,0,0.0779,0,1,0,work
2025-05-02 09:40,EXC001,OP1001,1,0,0.0934,0,1,0,work
2025-05-02 09:41,EXC001,OP1001,1,0,0.0883,1,1,0,work
2025-05-02 09:42,EXC001,OP1001,1,0,0.0824,0,1,0,work
2025-05-02 09:43,EXC001,OP1001,1,0,0.0856,1,1,0,work
2025-05-02 09:44,EXC001,OP1001,1,0,0.0879,0,1,0,work
2025-05-02 09:45,EXC001,OP1001,1,0,0.0782,0,1,0,work
2025-05-02 09:46,EXC001,OP1001,1,0,0.0853,1,1,0,work
2025-05-02 09:47,EXC001,OP1001,1,0,0.0776,0,1,0,work
2025-05-02 09:48,EXC001,OP1001,1,0,0.0949,0,1,0,work
2025-05-02 09:49,EXC001,OP1001,1,0,0.0794,1,1,0,work
2025-05-02 09:50,EXC001,OP1001,1,0,0.0909,1,1,0,work
2025-05-02 09:51,EXC001,OP1001,1,0,0.0944,1,1,0,work
2025-05-02 09:52,EXC001,OP1001,1,0,0.0876,1,1,0,work
2025-05-02 09:53,EXC001,OP1001,1,0,0.0863,0,1,0,work
2025-05-02 09:54,EXC001,OP1001,1,0,0.0782,0,1,0,work
2025-05-02 09:55,EXC001,OP1001,1,0,0.0886,1,1,0,work
2025-05-02 09:56,EXC001,OP1001,1,0,0.0774,1,1,0,work
2025-05-02 09:57,EXC001,OP1001,1,0,0.088,0,1,0,work
2025-05-02 09:58,EXC001,OP1001,1,0,0.0814,0,1,0,work
2025-05-02 09:59,EXC001,OP1001,1,0,0.0814,0,1,0,work
2025-05-02 10:00,EXC001,OP1001,1,0,0.0892,0,1,0,work
2025-05-02 10:01,EXC001,OP1001,1,0,0.0875,0,1,0,work
2025-05-02 10:02,EXC001,OP1001,1,0,0.0908,0,1,0,work
2025-05-02 10:03,EXC001,OP1001,1,0,0.0907,0,1,0,work
2025-05-02 10:04,EXC001,OP1001,1,0,0.0903,0,1,0,work
2025-05-02 10:05,EXC001,OP1001,1,0,0.0852,0,1,0,work
2025-05-02 10:06,EXC001,OP1001,1,0,0.0781,0,1,0,work
2025-05-02 10:07,EXC001,OP1001,1,0,0.0807,0,1,0,work
2025-05-02 10:08,EXC001,OP1001,1,0,0.0786,0,1,0,work
2025-05-02 10:09,EXC001,OP1001,1,0,0.0877,1,1,0,work
2025-05-02 10:10,EXC001,OP1001,1,0,0.086,0,1,0,work
2025-05-02 10:11,EXC001,OP1001,1,0,0.0948,0,1,0,work
2025-05-02 10:12,EXC001,OP1001,1,0,0.0903,0,1,0,work
2025-05-02 10:13,EXC001,OP1001,1,0,0.0872,0,1,0,work
2025-05-02 10:14,EXC001,OP1001,1,0,0.0803,0,1,0,work
2025-05-02 10:15,EXC001,OP1001,1,0,0.0828,1,1,0,work
2025-05-02 10:16,EXC001,OP1001,1,0,0.0933,0,1,0,work
2025-05-02 10:17,EXC001,OP1001,1,0,0.0944,0,1,0,work
2025-05-02 10:18,EXC001,OP1001,1,0,0.0908,0,1,0,work
2025-05-02 10:19,EXC001,OP1001,1,0,0.0867,0,1,0,work
2025-05-02 10:20,EXC001,OP1001,1,0,0.0762,0,1,0,work
2025-05-02 10:21,EXC001,OP1001,1,0,0.0757,1,1,0,work
2025-05-02 10:22,EXC001,OP1001,1,0,0.078,0,1,0,work
2025-05-02 10:23,EXC001,OP1001,1,0,0.09,0,1,0,work
2025-05-02 10:24,EXC001,OP1001,1,0,0.0932,1,1,0,work
2025-05-02 10:25,EXC001,OP1001,1,0,0.0845,0,1,0,work
2025-05-02 10:26,EXC001,OP1001,1,0,0.0911,0,1,0,work
2025-05-02 10:27,EXC001,OP1001,1,0,0.0918,0,1,0,work
2025-05-02 10:28,EXC001,OP1001,1,0,0.0907,0,1,0,work
2025-05-02 10:29,EXC001,OP1001,1,0,0.0867,0,1,0,work
2025-05-02 10:30,EXC001,OP1001,1,0,0.0841,0,1,0,work
2025-05-02 10:31,EXC001,OP1001,1,0,0.0796,1,1,0,work
2025-05-02 10:32,EXC001,OP1001,1,0,0.0828,0,1,0,work
2025-05-02 10:33,EXC001,OP1001,1,1,0.0337,0,1,0,short_idle
2025-05-02 10:34,EXC001,OP1001,1,1,0.0324,0,1,0,short_idle
2025-05-02 10:35,EXC001,OP1001,1,1,0.0301,0,1,0,short_idle
2025-05-02 10:36,EXC001,OP1001,1,1,0.0312,0,1,0,short_idle
2025-05-02 10:37,EXC001,OP1001,1,0,0.0874,1,1,0,work
2025-05-02 10:38,EXC001,OP1001,1,0,0.0844,1,1,0,work
2025-05-02 10:39,EXC001,OP1001,1,0,0.0906,0,1,0,work
2025-05-02 10:40,EXC001,OP1001,1,0,0.0765,1,1,0,work
2025-05-02 10:41,EXC001,OP1001,1,0,0.0827,0,1,0,work
2025-05-02 10:42,EXC001,OP1001,1,0,0.0863,0,1,0,work
2025-05-02 10:43,EXC001,OP1001,1,0,0.0938,0,1,0,work
2025-05-02 10:44,EXC001,OP1001,1,0,0.075,0,1,0,work
2025-05-02 10:45,EXC001,OP1001,1,0,0.0875,0,1,0,work
2025-05-02 10:46,EXC001,OP1001,1,0,0.0799,1,1,0,work
2025-05-02 10:47,EXC001,OP1001,1,0,0.0906,0,1,0,work
2025-05-02 10:48,EXC001,OP1001,1,0,0.0836,0,1,0,work
2025-05-02 10:49,EXC001,OP1001,1,0,0.0896,0,1,0,work
2025-05-02 10:50,EXC001,OP1001,1,0,0.0916,0,1,0,work
2025-05-02 10:51,EXC001,OP1001,1,0,0.0902,0,1,0,work
2025-05-02 10:52,EXC001,OP1001,1,0,0.0785,0,1,0,work
2025-05-02 10:53,EXC001,OP1001,1,0,0.0784,0,1,0,work
2025-05-02 10:54,EXC001,OP1001,1,0,0.0899,0,1,0,work
2025-05-02 10:55,EXC001,OP1001,1,0,0.0775,0,1,0,work
2025-05-02 10:56,EXC001,OP1001,1,0,0.0763,1,1,0,work
2025-05-02 10:57,EXC001,OP1001,1,0,0.0939,0,1,0,work
2025-05-02 10:58,EXC001,OP1001,1,0,0.0858,0,1,0,work
2025-05-02 10:59,EXC001,OP1001,1,0,0.079,0,1,0,work
2025-05-02 11:00,EXC001,OP1001,1,0,0.0775,0,1,0,work
2025-05-02 11:01,EXC001,OP1001,1,0,0.0792,0,1,0,work
2025-05-02 11:02,EXC001,OP1001,1,0,0.0751,1,1,0,work
2025-05-02 11:03,EXC001,OP1001,1,0,0.0755,0,1,0,work
2025-05-02 11:04,EXC001,OP1001,1,0,0.08,0,1,0,work
2025-05-02 11:05,EXC001,OP1001,1,0,0.0882,0,1,0,work
2025-05-02 11:06,EXC001,OP1001,1,0,0.0838,0,1,0,work
2025-05-02 11:07,EXC001,OP1001,1,0,0.0791,0,1,0,work
2025-05-02 11:08,EXC001,OP1001,1,0,0.0876,1,1,0,work
2025-05-02 11:09,EXC001,OP1001,1,0,0.0796,0,1,0,work
2025-05-02 11:10,EXC001,OP1001,1,0,0.0844,1,1,0,work
2025-05-02 11:11,EXC001,OP1001,1,0,0.0821,0,1,0,work
2025-05-02 11:12,EXC001,OP1001,1,0,0.0936,1,1,0,work
2025-05-02 11:13,EXC001,OP1001,1,0,0.0804,1,1,0,work
2025-05-02 11:14,EXC001,OP1001,1,0,0.0901,0,1,0,work
2025-05-02 11:15,EXC001,OP1001,1,0,0.0821,0,1,0,work
2025-05-02 11:16,EXC001,OP1001,1,0,0.0917,1,1,0,work
2025-05-02 11:17,EXC001,OP1001,1,0,0.075,0,1,0,work
2025-05-02 11:18,EXC001,OP1001,1,0,0.0834,0,1,0,work
2025-05-02 11:19,EXC001,OP1001,1,0,0.0931,0,1,0,work
2025-05-02 11:20,EXC001,OP1001,1,0,0.0828,0,1,0,work
2025-05-02 11:21,EXC001,OP1001,1,0,0.0866,0,1,0,work
2025-05-02 11:22,EXC001,OP1001,1,0,0.0884,0,1,0,work
2025-05-02 11:23,EXC001,OP1001,1,0,0.0821,0,1,0,work
2025-05-02 11:24,EXC001,OP1001,1,0,0.0897,0,1,0,work
2025-05-02 11:25,EXC001,OP1001,1,0,0.0881,0,1,0,work
2025-05-02 11:26,EXC001,OP1001,1,0,0.0884,0,1,0,work
2025-05-02 11:27,EXC001,OP1001,1,0,0.0813,0,1,0,work
2025-05-02 11:28,EXC001,OP1001,1,0,0.0934,0,1,0,work
2025-05-02 11:29,EXC001,OP1001,1,0,0.0778,0,1,0,work
2025-05-02 11:30,EXC001,OP1001,1,0,0.0799,0,1,0,work
2025-05-02 11:31,EXC001,OP1001,1,0,0.0889,1,1,0,work
2025-05-02 11:32,EXC001,OP1001,1,0,0.0783,0,1,0,work
2025-05-02 11:33,EXC001,OP1001,1,0,0.0835,0,1,0,work
2025-05-02 11:34,EXC001,OP1001,1,0,0.0929,0,1,0,work
2025-05-02 11:35,EXC001,OP1001,1,0,0.0856,0,1,0,work
2025-05-02 11:36,EXC001,OP1001,1,0,0.0812,1,1,0,work
2025-05-02 11:37,EXC001,OP1001,1,0,0.0945,0,1,0,work
2025-05-02 11:38,EXC001,OP1001,1,0,0.0864,0,1,0,work
2025-05-02 11:39,EXC001,OP1001,1,0,0.0881,1,1,0,work
2025-05-02 11:40,EXC001,OP1001,1,0,0.0837,0,1,0,work
2025-05-02 11:41,EXC001,OP1001,1,0,0.0881,0,1,0,work
2025-05-02 11:42,EXC001,OP1001,1,0,0.0874,0,1,0,work
2025-05-02 11:43,EXC001,OP1001,1,0,0.078,0,1,0,work
2025-05-02 11:44,EXC001,OP1001,1,0,0.0753,0,1,0,work
2025-05-02 11:45,EXC001,OP1001,1,0,0.0814,0,1,0,work
2025-05-02 11:46,EXC001,OP1001,1,0,0.0789,1,1,0,work
2025-05-02 11:47,EXC001,OP1001,1,0,0.0882,0,1,0,work
2025-05-02 11:48,EXC001,OP1001,1,0,0.0763,0,1,0,work
2025-05-02 11:49,EXC001,OP1001,1,0,0.0841,0,1,0,work
2025-05-02 11:50,EXC001,OP1001,1,0,0.0773,0,1,0,work
2025-05-02 11:51,EXC001,OP1001,1,0,0.0773,1,1,0,work
2025-05-02 11:52,EXC001,OP1001,1,0,0.0781,0,1,0,work
2025-05-02 11:53,EXC001,OP1001,1,0,0.0873,0,1,0,work
2025-05-02 11:54,EXC001,OP1001,1,0,0.0896,0,1,0,work
2025-05-02 11:55,EXC001,OP1001,1,0,0.0793,1,1,0,work
2025-05-02 11:56,EXC001,OP1001,1,0,0.0784,1,1,0,work
2025-05-02 11:57,EXC001,OP1001,1,0,0.0826,0,1,0,work
2025-05-02 11:58,EXC001,OP1001,1,0,0.0885,0,1,0,work
2025-05-02 11:59,EXC001,OP1001,1,0,0.0757,0,1,0,work
2025-05-02 12:00,EXC001,OP1001,1,0,0.0802,0,1,0,work
2025-05-02 12:01,EXC001,OP1001,1,0,0.0882,0,1,0,work
2025-05-02 12:02,EXC001,OP1001,1,0,0.0849,0,1,0,work
2025-05-02 12:03,EXC001,OP1001,1,0,0.0905,1,1,0,work
2025-05-02 12:04,EXC001,OP1001,1,0,0.0778,0,1,0,work
2025-05-02 12:05,EXC001,OP1001,1,0,0.0795,0,1,0,work
2025-05-02 12:06,EXC001,OP1001,1,0,0.0765,0,1,0,work
2025-05-02 12:07,EXC001,OP1001,1,0,0.0773,1,1,0,work
2025-05-02 12:08,EXC001,OP1001,1,0,0.0897,0,1,0,work
2025-05-02 12:09,EXC001,OP1001,1,0,0.0926,0,1,0,work
2025-05-02 12:10,EXC001,OP1001,1,0,0.0827,0,1,0,work
2025-05-02 12:11,EXC001,OP1001,1,0,0.084,0,1,0,work
2025-05-02 12:12,EXC001,OP1001,1,0,0.0786,0,1,0,work
2025-05-02 12:13,EXC001,OP1001,1,0,0.082,0,1,0,work
2025-05-02 12:14,EXC001,OP1001,1,0,0.0816,0,1,0,work
2025-05-02 12:15,EXC001,OP1001,1,0,0.0906,1,1,0,work
2025-05-02 12:16,EXC001,OP1001,1,0,0.0831,0,1,0,work
2025-05-02 12:17,EXC001,OP1001,1,0,0.0927,1,1,0,work
2025-05-02 12:18,EXC001,OP1001,1,0,0.0824,0,1,0,work
2025-05-02 12:19,EXC001,OP1001,1,0,0.0777,0,1,0,work
2025-05-02 12:20,EXC001,OP1001,1,0,0.0761,0,1,0,work
2025-05-02 12:21,EXC001,OP1001,1,0,0.0886,1,1,0,work
2025-05-02 12:22,EXC001,OP1001,1,0,0.0779,0,1,0,work
2025-05-02 12:23,EXC001,OP1001,1,0,0.076,1,1,0,work
2025-05-02 12:24,EXC001,OP1001,1,0,0.0841,0,1,0,work
2025-05-02 12:25,EXC001,OP1001,1,0,0.082,1,1,0,work
2025-05-02 12:26,EXC001,OP1001,1,0,0.0829,0,1,0,work
2025-05-02 12:27,EXC001,OP1001,1,0,0.0855,0,1,0,work
2025-05-02 12:28,EXC001,OP1001,1,0,0.0915,0,1,0,work
2025-05-02 12:29,EXC001,OP1001,1,0,0.0802,0,1,0,work
2025-05-02 12:30,EXC001,OP1001,1,0,0.0916,0,1,0,work
2025-05-02 12:31,EXC001,OP1001,1,0,0.0775,0,1,0,work
2025-05-02 12:32,EXC001,OP1001,1,0,0.0804,0,1,0,work
2025-05-02 12:33,EXC001,OP1001,1,0,0.09,0,1,0,work
2025-05-02 12:34,EXC001,OP1001,1,0,0.0818,1,1,0,work
2025-05-02 12:35,EXC001,OP1001,1,0,0.0872,0,1,0,work
2025-05-02 12:36,EXC001,OP1001,1,0,0.0802,1,1,0,work
2025-05-02 12:37,EXC001,OP1001,1,0,0.0871,0,1,0,work
2025-05-02 12:38,EXC001,OP1001,1,0,0.0791,0,1,0,work
2025-05-02 12:39,EXC001,OP1001,1,0,0.09,0,1,0,work
2025-05-02 12:40,EXC001,OP1001,1,0,0.0772,0,1,0,work
2025-05-02 12:41,EXC001,OP1001,1,0,0.0769,0,1,0,work
2025-05-02 12:42,EXC001,OP1001,1,0,0.0815,0,1,0,work
2025-05-02 12:43,EXC001,OP1001,1,0,0.0762,0,1,0,work
2025-05-02 12:44,EXC001,OP1001,1,0,0.0856,0,1,0,work
2025-05-02 12:45,EXC001,OP1001,1,0,0.0754,1,1,0,work
2025-05-02 12:46,EXC001,OP1001,1,0,0.0884,0,1,0,work
2025-05-02 12:47,EXC001,OP1001,1,0,0.0827,0,1,0,work
2025-05-02 12:48,EXC001,OP1001,1,0,0.0942,0,1,0,work
2025-05-02 12:49,EXC001,OP1001,1,0,0.0832,0,1,0,work
2025-05-02 12:50,EXC001,OP1001,1,0,0.0824,0,1,0,work
2025-05-02 12:51,EXC001,OP1001,1,0,0.0855,0,1,0,work
2025-05-02 12:52,EXC001,OP1001,1,0,0.0882,0,1,0,work
2025-05-02 12:53,EXC001,OP1001,1,0,0.0879,1,1,0,work
2025-05-02 12:54,EXC001,OP1001,1,0,0.0815,0,1,0,work
2025-05-02 12:55,EXC001,OP1001,1,0,0.0874,1,1,0,work
2025-05-02 12:56,EXC001,OP1001,1,0,0.079,0,1,0,work
2025-05-02 12:57,EXC001,OP1001,1,0,0.0829,0,1,0,work
2025-05-02 12:58,EXC001,OP1001,1,0,0.0873,0,1,0,work
2025-05-02 12:59,EXC001,OP1001,1,0,0.0766,0,0,0,work
2025-05-02 13:00,EXC001,OP1001,1,0,0.0872,0,1,0,work
2025-05-02 13:01,EXC001,OP1001,1,0,0.0759,0,1,0,work
2025-05-02 13:02,EXC001,OP1001,1,0,0.0929,0,1,0,work
2025-05-02 13:03,EXC001,OP1001,1,0,0.0939,1,1,0,work
2025-05-02 13:04,EXC001,OP1001,1,0,0.0751,0,1,0,work
2025-05-02 13:05,EXC001,OP1001,1,0,0.0776,0,1,0,work
2025-05-02 13:06,EXC001,OP1001,1,0,0.0796,0,1,0,work
2025-05-02 13:07,EXC001,OP1001,1,0,0.077,0,1,0,work
2025-05-02 13:08,EXC001,OP1001,1,0,0.0784,0,1,0,work
2025-05-02 13:09,EXC001,OP1001,1,0,0.0941,0,1,0,work
2025-05-02 13:10,EXC001,OP1001,1,0,0.0872,0,1,0,work
2025-05-02 13:11,EXC001,OP1001,1,0,0.0906,0,1,0,work
2025-05-02 13:12,EXC001,OP1001,1,0,0.0875,0,1,0,work
2025-05-02 13:13,EXC001,OP1001,1,0,0.0792,1,1,0,work
2025-05-02 13:14,EXC001,OP1001,1,0,0.0848,0,1,0,work
2025-05-02 13:15,EXC001,OP1001,1,0,0.0785,1,1,0,work
2025-05-02 13:16,EXC001,OP1001,1,0,0.0815,1,1,0,work
2025-05-02 13:17,EXC001,OP1001,1,0,0.0829,0,0,0,work
2025-05-02 13:18,EXC001,OP1001,1,0,0.0772,0,1,0,work
2025-05-02 13:19,EXC001,OP1001,1,0,0.0782,0,1,0,work
2025-05-02 13:20,EXC001,OP1001,1,0,0.0924,0,1,0,work
2025-05-02 13:21,EXC001,OP1001,1,0,0.0775,0,1,0,work
2025-05-02 13:22,EXC001,OP1001,1,0,0.0939,1,1,0,work
2025-05-02 13:23,EXC001,OP1001,1,0,0.0946,0,1,0,work
2025-05-02 13:24,EXC001,OP1001,1,0,0.0878,0,1,0,work
2025-05-02 13:25,EXC001,OP1001,1,0,0.0855,0,1,0,work
2025-05-02 13:26,EXC001,OP1001,1,0,0.092,0,1,0,work
2025-05-02 13:27,EXC001,OP1001,1,0,0.0754,0,1,0,work
2025-05-02 13:28,EXC001,OP1001,1,0,0.0837,0,1,0,work
2025-05-02 13:29,EXC001,OP1001,1,0,0.0852,0,1,0,work
2025-05-02 13:30,EXC001,OP1001,1,0,0.0893,0,1,0,work
2025-05-02 13:31,EXC001,OP1001,1,0,0.0838,1,1,0,work
2025-05-02 13:32,EXC001,OP1001,1,0,0.0855,0,1,0,work
2025-05-02 13:33,EXC001,OP1001,1,0,0.0923,0,1,0,work
2025-05-02 13:34,EXC001,OP1001,1,0,0.0834,0,1,0,work
2025-05-02 13:35,EXC001,OP1001,1,0,0.0813,0,1,0,work
2025-05-02 13:36,EXC001,OP1001,1,0,0.0825,0,1,0,work
2025-05-02 13:37,EXC001,OP1001,1,0,0.0829,0,1,0,work
2025-05-02 13:38,EXC001,OP1001,1,0,0.0824,0,1,0,work
2025-05-02 13:39,EXC001,OP1001,1,0,0.0869,0,1,0,work
2025-05-02 13:40,EXC001,OP1001,1,0,0.0752,0,1,0,work
2025-05-02 13:41,EXC001,OP1001,1,0,0.0797,1,1,0,work
2025-05-02 13:42,EXC001,OP1001,1,0,0.0922,0,1,0,work
2025-05-02 13:43,EXC001,OP1001,1,0,0.0877,1,1,0,work
2025-05-02 13:44,EXC001,OP1001,1,0,0.0871,0,1,0,work
2025-05-02 13:45,EXC001,OP1001,1,0,0.0861,0,1,0,work
2025-05-02 13:46,EXC001,OP1001,1,0,0.0812,0,1,0,work
2025-05-02 13:47,EXC001,OP1001,1,0,0.0891,0,1,0,work
2025-05-02 13:48,EXC001,OP1001,1,0,0.0943,0,1,0,work
2025-05-02 13:49,EXC001,OP1001,1,0,0.0911,0,1,0,work
2025-05-02 13:50,EXC001,OP1001,1,0,0.0919,1,1,0,work
2025-05-02 13:51,EXC001,OP1001,1,0,0.0882,0,0,0,work
2025-05-02 13:52,EXC001,OP1001,1,0,0.0758,0,1,0,work
2025-05-02 13:53,EXC001,OP1001,1,0,0.0908,0,1,0,work
2025-05-02 13:54,EXC001,OP1001,1,0,0.0852,1,1,0,work
2025-05-02 13:55,EXC001,OP1001,1,0,0.0872,0,1,0,work
2025-05-02 13:56,EXC001,OP1001,1,0,0.0792,0,1,0,work
2025-05-02 13:57,EXC001,OP1001,1,0,0.0847,0,1,0,work
2025-05-02 13:58,EXC001,OP1001,1,0,0.0864,0,1,0,work
2025-05-02 13:59,EXC001,OP1001,1,0,0.0922,0,1,0,work
2025-05-02 14:00,EXC001,OP1001,1,0,0.0838,1,1,0,work
2025-05-02 14:01,EXC001,OP1001,1,0,0.0915,1,1,0,work
2025-05-02 14:02,EXC001,OP1001,1,0,0.0835,0,1,0,work
2025-05-02 14:03,EXC001,OP1001,1,0,0.0805,1,1,0,work
2025-05-02 14:04,EXC001,OP1001,1,0,0.0815,0,1,0,work
2025-05-02 14:05,EXC001,OP1001,1,0,0.082,0,1,0,work
2025-05-02 14:06,EXC001,OP1001,1,0,0.093,0,1,0,work
2025-05-02 14:07,EXC001,OP1001,1,0,0.0929,0,1,0,work
2025-05-02 14:08,EXC001,OP1001,1,0,0.0901,0,1,0,work
2025-05-02 14:09,EXC001,OP1001,1,0,0.0862,0,1,0,work
2025-05-02 14:10,EXC001,OP1001,1,0,0.0852,1,1,0,work
2025-05-02 14:11,EXC001,OP1001,1,0,0.084,0,1,0,work
2025-05-02 14:12,EXC001,OP1001,1,0,0.0753,0,1,0,work
2025-05-02 14:13,EXC001,OP1001,1,0,0.0876,1,1,0,work
2025-05-02 14:14,EXC001,OP1001,1,0,0.0941,0,1,0,work
2025-05-02 14:15,EXC001,OP1001,1,0,0.0949,0,1,0,work
2025-05-02 14:16,EXC001,OP1001,1,0,0.0815,0,1,0,work
2025-05-02 14:17,EXC001,OP1001,1,0,0.0861,0,1,0,work
2025-05-02 14:18,EXC001,OP1001,1,0,0.0833,0,1,0,work
2025-05-02 14:19,EXC001,OP1001,1,0,0.0929,0,1,0,work
2025-05-02 14:20,EXC001,OP1001,1,0,0.0791,1,1,0,work
2025-05-02 14:21,EXC001,OP1001,1,0,0.0755,0,1,0,work
2025-05-02 14:22,EXC001,OP1001,1,0,0.0908,0,1,0,work
2025-05-02 14:23,EXC001,OP1001,1,0,0.0876,0,1,0,work
2025-05-02 14:24,EXC001,OP1001,1,0,0.0781,0,1,0,work
2025-05-02 14:25,EXC001,OP1001,1,0,0.0847,0,1,0,work
2025-05-02 14:26,EXC001,OP1001,1,0,0.0889,0,1,0,work
2025-05-02 14:27,EXC001,OP1001,1,0,0.0809,1,1,0,work
2025-05-02 14:28,EXC001,OP1001,1,0,0.0914,0,1,0,work
2025-05-02 14:29,EXC001,OP1001,1,0,0.0932,0,1,0,work
2025-05-02 14:30,EXC001,OP1001,1,0,0.089,0,1,0,work
2025-05-02 14:31,EXC001,OP1001,1,0,0.095,0,1,0,work
2025-05-02 14:32,EXC001,OP1001,1,0,0.075,0,1,0,work
2025-05-02 14:33,EXC001,OP1001,1,0,0.0799,0,1,0,work
2025-05-02 14:34,EXC001,OP1001,1,0,0.0843,0,1,0,work
2025-05-02 14:35,EXC001,OP1001,1,0,0.0798,1,1,0,work
2025-05-02 14:36,EXC001,OP1001,1,0,0.0946,0,1,0,work
2025-05-02 14:37,EXC001,OP1001,1,0,0.084,0,1,0,work
2025-05-02 14:38,EXC001,OP1001,1,0,0.0833,0,1,0,work
2025-05-02 14:39,EXC001,OP1001,1,0,0.0914,0,1,0,work
2025-05-02 14:40,EXC001,OP1001,1,0,0.0826,0,1,0,work
2025-05-02 14:41,EXC001,OP1001,1,0,0.0896,0,1,0,work
2025-05-02 14:42,EXC001,OP1001,1,0,0.0888,0,1,0,work
2025-05-02 14:43,EXC001,OP1001,1,0,0.0887,0,1,0,work
2025-05-02 14:44,EXC001,OP1001,1,0,0.0812,0,1,0,work
2025-05-02 14:45,EXC001,OP1001,1,0,0.0923,0,1,0,work
2025-05-02 14:46,EXC001,OP1001,1,0,0.0937,0,1,0,work
2025-05-02 14:47,EXC001,OP1001,1,0,0.0917,0,1,0,work
2025-05-02 14:48,EXC001,OP1001,1,0,0.0761,0,1,0,work
2025-05-02 14:49,EXC001,OP1001,1,0,0.0771,1,1,0,work
2025-05-02 14:50,EXC001,OP1001,1,0,0.0826,0,1,0,work
2025-05-02 14:51,EXC001,OP1001,1,1,0.0369,0,0,0,long_idle_unbelted
2025-05-02 14:52,EXC001,OP1001,1,1,0.0357,0,0,0,long_idle_unbelted
2025-05-02 14:53,EXC001,OP1001,1,1,0.0339,0,0,0,long_idle_unbelted
2025-05-02 14:54,EXC001,OP1001,1,1,0.0336,0,0,0,long_idle_unbelted
2025-05-02 14:55,EXC001,OP1001,1,1,0.0358,0,0,0,long_idle_unbelted
2025-05-02 14:56,EXC001,OP1001,1,1,0.0311,0,0,0,long_idle_unbelted
2025-05-02 14:57,EXC001,OP1001,1,1,0.0338,0,1,0,long_idle_unbelted
2025-05-02 14:58,EXC001,OP1001,1,1,0.0301,0,0,0,long_idle_unbelted
2025-05-02 14:59,EXC001,OP1001,1,1,0.035,0,0,0,long_idle_unbelted
2025-05-02 15:00,EXC001,OP1001,1,1,0.0349,0,0,0,long_idle_unbelted
2025-05-02 15:01,EXC001,OP1001,1,1,0.0393,0,0,0,long_idle_unbelted
2025-05-02 15:02,EXC001,OP1001,1,1,0.0303,0,0,0,long_idle_unbelted
2025-05-02 15:03,EXC001,OP1001,1,1,0.0379,0,0,0,long_idle_unbelted
2025-05-02 15:04,EXC001,OP1001,1,1,0.0392,0,0,0,long_idle_unbelted
2025-05-02 15:05,EXC001,OP1001,1,1,0.0309,0,0,0,long_idle_unbelted
2025-05-02 15:06,EXC001,OP1001,1,1,0.0391,0,1,0,long_idle_unbelted
2025-05-02 15:07,EXC001,OP1001,1,1,0.0332,0,1,0,long_idle_unbelted
2025-05-02 15:08,EXC001,OP1001,1,1,0.0338,0,0,0,long_idle_unbelted
2025-05-02 15:09,EXC001,OP1001,1,1,0.0397,0,0,0,long_idle_unbelted
2025-05-02 15:10,EXC001,OP1001,1,1,0.035,0,0,0,long_idle_unbelted
2025-05-02 15:11,EXC001,OP1001,1,1,0.034,0,0,0,long_idle_unbelted
2025-05-02 15:12,EXC001,OP1001,1,1,0.0386,0,0,0,long_idle_unbelted
2025-05-02 15:13,EXC001,OP1001,1,1,0.0368,0,0,0,long_idle_unbelted
2025-05-02 15:14,EXC001,OP1001,1,1,0.0348,0,0,0,long_idle_unbelted
2025-05-02 15:15,EXC001,OP1001,1,1,0.034,0,0,0,long_idle_unbelted
2025-05-02 15:16,EXC001,OP1001,1,1,0.0364,0,1,0,long_idle_unbelted
2025-05-02 15:17,EXC001,OP1001,1,1,0.0358,0,1,0,long_idle_unbelted
2025-05-02 15:18,EXC001,OP1001,1,1,0.0387,0,1,0,long_idle_unbelted
2025-05-02 15:19,EXC001,OP1001,1,1,0.0357,0,1,0,long_idle_unbelted
2025-05-02 15:20,EXC001,OP1001,1,1,0.036,0,1,0,long_idle_unbelted
2025-05-02 15:21,EXC001,OP1001,1,1,0.0379,0,0,0,long_idle_unbelted
2025-05-02 15:22,EXC001,OP1001,1,1,0.0318,0,0,0,long_idle_unbelted
2025-05-02 15:23,EXC001,OP1001,1,1,0.0379,0,0,0,long_idle_unbelted
2025-05-02 15:24,EXC001,OP1001,1,1,0.0384,0,0,0,long_idle_unbelted
2025-05-02 15:25,EXC001,OP1001,1,1,0.0391,0,0,0,long_idle_unbelted
2025-05-02 15:26,EXC001,OP1001,1,1,0.038,0,0,0,long_idle_unbelted
2025-05-02 15:27,EXC001,OP1001,1,1,0.0345,0,1,0,long_idle_unbelted
2025-05-02 15:28,EXC001,OP1001,1,1,0.034,0,1,0,long_idle_unbelted
2025-05-02 15:29,EXC001,OP1001,1,1,0.0385,0,1,0,long_idle_unbelted
2025-05-02 15:30,EXC001,OP1001,1,1,0.035,0,0,0,long_idle_unbelted
2025-05-02 15:31,EXC001,OP1001,1,1,0.0385,0,1,0,long_idle_unbelted
2025-05-02 15:32,EXC001,OP1001,1,1,0.0337,0,0,0,long_idle_unbelted
2025-05-02 15:33,EXC001,OP1001,1,1,0.0375,0,0,0,long_idle_unbelted
2025-05-02 15:34,EXC001,OP1001,1,1,0.0378,0,1,0,long_idle_unbelted
2025-05-02 15:35,EXC001,OP1001,1,1,0.0362,0,0,0,long_idle_unbelted
2025-05-02 15:36,EXC001,OP1001,1,1,0.0323,0,0,0,long_idle_unbelted
2025-05-02 15:37,EXC001,OP1001,1,1,0.0355,0,1,0,long_idle_unbelted
2025-05-02 15:38,EXC001,OP1001,1,0,0.0864,0,1,0,work
2025-05-02 15:39,EXC001,OP1001,1,0,0.0815,0,1,0,work
2025-05-02 15:40,EXC001,OP1001,1,0,0.0762,0,1,0,work
2025-05-02 15:41,EXC001,OP1001,1,0,0.093,0,1,0,work
2025-05-02 15:42,EXC001,OP1001,1,0,0.0937,0,1,0,work
2025-05-02 15:43,EXC001,OP1001,1,0,0.0925,0,1,0,work
2025-05-02 15:44,EXC001,OP1001,1,0,0.0902,0,1,0,work
2025-05-02 15:45,EXC001,OP1001,1,0,0.0909,0,1,0,work
2025-05-02 15:46,EXC001,OP1001,1,0,0.0815,0,1,0,work
2025-05-02 15:47,EXC001,OP1001,1,0,0.0897,1,1,0,work
2025-05-02 15:48,EXC001,OP1001,1,0,0.092,0,1,0,work
2025-05-02 15:49,EXC001,OP1001,1,0,0.0753,0,1,0,work
2025-05-02 15:50,EXC001,OP1001,1,0,0.0934,0,1,0,work
2025-05-02 15:51,EXC001,OP1001,1,0,0.0789,0,1,0,work
2025-05-02 15:52,EXC001,OP1001,1,0,0.0877,1,1,0,work
2025-05-02 15:53,EXC001,OP1001,1,0,0.0914,0,1,0,work
2025-05-02 15:54,EXC001,OP1001,1,0,0.0867,0,0,0,work
2025-05-02 15:55,EXC001,OP1001,1,0,0.0898,0,1,0,work
2025-05-02 15:56,EXC001,OP1001,1,0,0.0932,0,0,0,work
2025-05-02 15:57,EXC001,OP1001,1,0,0.0833,0,1,0,work
2025-05-02 15:58,EXC001,OP1001,1,0,0.0791,1,1,0,work
2025-05-02 15:59,EXC001,OP1001,1,0,0.0916,0,1,0,work
2025-05-02 16:00,EXC001,OP1001,1,0,0.0933,0,1,0,work
2025-05-02 16:01,EXC001,OP1001,1,0,0.0831,0,1,0,work
2025-05-02 16:02,EXC001,OP1001,1,0,0.0877,0,1,0,work
2025-05-02 16:03,EXC001,OP1001,1,0,0.0899,0,1,0,work
2025-05-02 16:04,EXC001,OP1001,1,0,0.0861,1,1,0,work
2025-05-02 16:05,EXC001,OP1001,1,0,0.0927,0,1,0,work
2025-05-02 16:06,EXC001,OP1001,1,0,0.0835,0,1,0,work
2025-05-02 16:07,EXC001,OP1001,1,0,0.0769,0,1,0,work
2025-05-02 16:08,EXC001,OP1001,1,0,0.0875,0,1,0,work
2025-05-02 16:09,EXC001,OP1001,1,0,0.0803,0,1,0,work
2025-05-02 16:10,EXC001,OP1001,1,0,0.0757,1,1,0,work
2025-05-02 16:11,EXC001,OP1001,1,0,0.0941,1,1,0,work
2025-05-02 16:12,EXC001,OP1001,1,0,0.0874,0,1,0,work
2025-05-02 16:13,EXC001,OP1001,1,0,0.0923,0,1,0,work
2025-05-02 16:14,EXC001,OP1001,1,0,0.0813,1,1,0,work
2025-05-02 16:15,EXC001,OP1001,1,0,0.0797,0,1,0,work
2025-05-02 16:16,EXC001,OP1001,1,0,0.0763,1,1,0,work
2025-05-02 16:17,EXC001,OP1001,1,0,0.0818,0,1,0,work
2025-05-02 16:18,EXC001,OP1001,1,0,0.0837,0,1,0,work
2025-05-02 16:19,EXC001,OP1001,1,0,0.0752,0,1,0,work
2025-05-02 16:20,EXC001,OP1001,1,0,0.0751,0,1,0,work
2025-05-02 16:21,EXC001,OP1001,1,0,0.0937,0,1,0,work
2025-05-02 16:22,EXC001,OP1001,1,0,0.0775,0,1,0,work
2025-05-02 16:23,EXC001,OP1001,1,0,0.0944,0,1,0,work
2025-05-02 16:24,EXC001,OP1001,1,0,0.0925,0,1,0,work
2025-05-02 16:25,EXC001,OP1001,1,0,0.0878,0,1,0,work
2025-05-02 16:26,EXC001,OP1001,1,0,0.0784,0,1,0,work
2025-05-02 16:27,EXC001,OP1001,1,0,0.0931,0,1,0,work
2025-05-02 16:28,EXC001,OP1001,1,0,0.0892,1,1,0,work
2025-05-02 16:29,EXC001,OP1001,1,0,0.0857,0,1,0,work
2025-05-02 16:30,EXC001,OP1001,1,0,0.0886,0,1,0,work
2025-05-02 16:31,EXC001,OP1001,1,0,0.0898,0,1,0,work
2025-05-02 16:32,EXC001,OP1001,1,0,0.0789,0,1,0,work
2025-05-02 16:33,EXC001,OP1001,1,0,0.093,0,1,0,work
2025-05-02 16:34,EXC001,OP1001,1,0,0.0813,0,1,0,work
2025-05-02 16:35,EXC001,OP1001,1,0,0.082,1,1,0,work
2025-05-02 16:36,EXC001,OP1001,1,0,0.0767,0,1,0,work
2025-05-02 16:37,EXC001,OP1001,1,0,0.0833,0,1,0,work
2025-05-02 16:38,EXC001,OP1001,1,0,0.0831,0,1,0,work
2025-05-02 16:39,EXC001,OP1001,1,0,0.0772,1,1,0,work
2025-05-02 16:40,EXC001,OP1001,1,0,0.0818,0,1,0,work
2025-05-02 16:41,EXC001,OP1001,1,0,0.0759,0,1,0,work
2025-05-02 16:42,EXC001,OP1001,1,0,0.0824,0,1,0,work
2025-05-02 16:43,EXC001,OP1001,1,0,0.0775,1,1,0,work
2025-05-02 16:44,EXC001,OP1001,1,0,0.0891,0,1,0,work
2025-05-02 16:45,EXC001,OP1001,1,0,0.0909,0,1,0,work
2025-05-02 16:46,EXC001,OP1001,1,0,0.09,0,1,0,work
2025-05-02 16:47,EXC001,OP1001,1,0,0.0864,0,1,0,work
2025-05-02 16:48,EXC001,OP1001,1,0,0.0881,0,1,0,work
2025-05-02 16:49,EXC001,OP1001,1,0,0.0815,1,1,0,work
2025-05-02 16:50,EXC001,OP1001,1,0,0.0831,0,1,0,work
2025-05-02 16:51,EXC001,OP1001,1,0,0.076,0,1,0,work
2025-05-02 16:52,EXC001,OP1001,1,0,0.0921,0,1,0,work
2025-05-02 16:53,EXC001,OP1001,1,0,0.0784,0,1,0,work
2025-05-02 16:54,EXC001,OP1001,1,0,0.0903,0,1,0,work
2025-05-02 16:55,EXC001,OP1001,1,0,0.0806,0,1,0,work
2025-05-02 16:56,EXC001,OP1001,1,0,0.0845,0,1,0,work
2025-05-02 16:57,EXC001,OP1001,1,0,0.0848,0,1,0,work
2025-05-02 16:58,EXC001,OP1001,1,0,0.0905,1,1,0,work
2025-05-02 16:59,EXC001,OP1001,1,0,0.0941,0,1,0,work
2025-05-02 17:00,EXC001,OP1001,1,0,0.086,0,1,0,work
2025-05-02 17:01,EXC001,OP1001,1,0,0.0768,0,1,0,work
2025-05-02 17:02,EXC001,OP1001,1,0,0.0789,0,1,0,work
2025-05-02 17:03,EXC001,OP1001,1,0,0.0939,0,1,0,work
2025-05-02 17:04,EXC001,OP1001,1,0,0.0792,1,1,0,work
2025-05-02 17:05,EXC001,OP1001,1,0,0.0933,0,1,0,work
2025-05-02 17:06,EXC001,OP1001,1,0,0.0941,0,1,0,work
2025-05-02 17:07,EXC001,OP1001,1,0,0.087,0,1,0,work
2025-05-02 17:08,EXC001,OP1001,1,0,0.0851,1,1,0,work
2025-05-02 17:09,EXC001,OP1001,1,0,0.0809,1,1,0,work
2025-05-02 17:10,EXC001,OP1001,1,0,0.0873,0,1,0,work
2025-05-02 17:11,EXC001,OP1001,1,0,0.0779,0,1,0,work
2025-05-02 17:12,EXC001,OP1001,1,0,0.095,0,1,0,work
2025-05-02 17:13,EXC001,OP1001,1,0,0.0883,1,1,0,work
2025-05-02 17:14,EXC001,OP1001,1,0,0.0946,0,1,0,work
2025-05-02 17:15,EXC001,OP1001,1,0,0.0847,0,1,0,work
2025-05-02 17:16,EXC001,OP1001,1,0,0.0771,0,1,0,work
2025-05-02 17:17,EXC001,OP1001,1,0,0.0844,0,1,0,work
2025-05-02 17:18,EXC001,OP1001,1,0,0.0896,0,1,0,work
2025-05-02 17:19,EXC001,OP1001,1,0,0.0935,0,1,0,work
2025-05-02 17:20,EXC001,OP1001,1,0,0.0777,0,1,0,work
2025-05-02 17:21,EXC001,OP1001,1,0,0.0855,0,1,0,work
2025-05-02 17:22,EXC001,OP1001,1,0,0.0862,0,1,0,work
2025-05-02 17:23,EXC001,OP1001,1,0,0.0796,0,1,0,work
2025-05-02 17:24,EXC001,OP1001,1,0,0.0752,0,1,0,work
2025-05-02 17:25,EXC001,OP1001,1,0,0.0913,1,1,0,work
2025-05-02 17:26,EXC001,OP1001,1,0,0.0831,1,1,0,work
2025-05-02 17:27,EXC001,OP1001,1,0,0.0946,0,1,0,work
2025-05-02 17:28,EXC001,OP1001,1,0,0.0902,0,1,0,work
2025-05-02 17:29,EXC001,OP1001,1,0,0.0792,1,1,0,work
2025-05-02 17:30,EXC001,OP1001,1,0,0.0783,0,1,0,work
2025-05-02 17:31,EXC001,OP1001,1,0,0.0813,0,1,0,work
2025-05-02 17:32,EXC001,OP1001,1,0,0.088,0,1,0,work
2025-05-02 17:33,EXC001,OP1001,1,0,0.0807,0,1,0,work
2025-05-02 17:34,EXC001,OP1001,1,0,0.087,1,1,0,work
2025-05-02 17:35,EXC001,OP1001,1,0,0.0766,1,1,0,work
2025-05-02 17:36,EXC001,OP1001,1,0,0.082,0,1,0,work
2025-05-02 17:37,EXC001,OP1001,1,0,0.0908,0,1,0,work
2025-05-02 17:38,EXC001,OP1001,1,0,0.0761,0,1,0,work
2025-05-02 17:39,EXC001,OP1001,1,0,0.0842,1,1,0,work
2025-05-02 17:40,EXC001,OP1001,1,0,0.0941,1,1,0,work
2025-05-02 17:41,EXC001,OP1001,1,0,0.0776,0,1,0,work
2025-05-02 17:42,EXC001,OP1001,1,0,0.0937,0,1,0,work
2025-05-02 17:43,EXC001,OP1001,1,0,0.0795,0,1,0,work
2025-05-02 17:44,EXC001,OP1001,1,0,0.0933,1,1,0,work
2025-05-02 17:45,EXC001,OP1001,1,0,0.0906,0,1,0,work
2025-05-02 17:46,EXC001,OP1001,1,0,0.0842,0,1,0,work
2025-05-02 17:47,EXC001,OP1001,1,0,0.0868,1,1,0,work
2025-05-02 17:48,EXC001,OP1001,1,0,0.0817,0,1,0,work
2025-05-02 17:49,EXC001,OP1001,1,0,0.0786,0,1,0,work
2025-05-02 17:50,EXC001,OP1001,1,0,0.0882,1,1,0,work
2025-05-02 17:51,EXC001,OP1001,1,0,0.0757,0,1,0,work
2025-05-02 17:52,EXC001,OP1001,1,0,0.0895,0,1,0,work
2025-05-02 17:53,EXC001,OP1001,1,0,0.0856,1,1,0,work
2025-05-02 17:54,EXC001,OP1001,1,1,0.0374,0,1,0,short_idle
2025-05-02 17:55,EXC001,OP1001,1,1,0.0327,0,1,0,short_idle
2025-05-02 17:56,EXC001,OP1001,1,1,0.035,0,1,0,short_idle
2025-05-02 17:57,EXC001,OP1001,1,1,0.0379,0,1,0,short_idle
2025-05-02 17:58,EXC001,OP1001,1,1,0.0351,0,1,0,short_idle
2025-05-02 17:59,EXC001,OP1001,1,1,0.0354,0,1,0,short_idle
2025-05-03 08:00,EXC001,OP1001,1,1,0.039,0,0,0,long_idle_unbelted
2025-05-03 08:01,EXC001,OP1001,1,1,0.0327,0,0,0,long_idle_unbelted
2025-05-03 08:02,EXC001,OP1001,1,1,0.0388,0,1,0,long_idle_unbelted
2025-05-03 08:03,EXC001,OP1001,1,1,0.0328,0,1,0,long_idle_unbelted
2025-05-03 08:04,EXC001,OP1001,1,1,0.0342,0,0,0,long_idle_unbelted
2025-05-03 08:05,EXC001,OP1001,1,1,0.0354,0,0,0,long_idle_unbelted
2025-05-03 08:06,EXC001,OP1001,1,1,0.0323,0,0,0,long_idle_unbelted
2025-05-03 08:07,EXC001,OP1001,1,1,0.038,0,0,0,long_idle_unbelted
2025-05-03 08:08,EXC001,OP1001,1,1,0.0349,0,0,0,long_idle_unbelted
2025-05-03 08:09,EXC001,OP1001,1,1,0.0332,0,0,0,long_idle_unbelted
2025-05-03 08:10,EXC001,OP1001,1,1,0.0371,0,0,0,long_idle_unbelted
2025-05-03 08:11,EXC001,OP1001,1,1,0.033,0,1,0,long_idle_unbelted
2025-05-03 08:12,EXC001,OP1001,1,1,0.0377,0,0,0,long_idle_unbelted
2025-05-03 08:13,EXC001,OP1001,1,1,0.0392,0,0,0,long_idle_unbelted
2025-05-03 08:14,EXC001,OP1001,1,1,0.0356,0,0,0,long_idle_unbelted
2025-05-03 08:15,EXC001,OP1001,1,1,0.0358,0,1,0,long_idle_unbelted
2025-05-03 08:16,EXC001,OP1001,1,1,0.0342,0,1,0,long_idle_unbelted
2025-05-03 08:17,EXC001,OP1001,1,1,0.035,0,0,0,long_idle_unbelted
2025-05-03 08:18,EXC001,OP1001,1,1,0.0376,0,1,0,long_idle_unbelted
2025-05-03 08:19,EXC001,OP1001,1,1,0.0384,0,0,0,long_idle_unbelted
2025-05-03 08:20,EXC001,OP1001,1,1,0.0365,0,0,0,long_idle_unbelted
2025-05-03 08:21,EXC001,OP1001,1,1,0.0312,0,1,0,long_idle_unbelted
2025-05-03 08:22,EXC001,OP1001,1,1,0.0306,0,0,0,long_idle_unbelted
2025-05-03 08:23,EXC001,OP1001,1,1,0.0328,0,0,0,long_idle_unbelted
2025-05-03 08:24,EXC001,OP1001,1,1,0.0361,0,1,0,long_idle_unbelted
2025-05-03 08:25,EXC001,OP1001,1,1,0.0301,0,0,0,long_idle_unbelted
2025-05-03 08:26,EXC001,OP1001,1,1,0.0301,0,1,0,long_idle_unbelted
2025-05-03 08:27,EXC001,OP1001,1,1,0.0387,0,0,0,long_idle_unbelted
2025-05-03 08:28,EXC001,OP1001,1,1,0.031,0,0,0,long_idle_unbelted
2025-05-03 08:29,EXC001,OP1001,1,1,0.0376,0,1,0,long_idle_unbelted
2025-05-03 08:30,EXC001,OP1001,1,1,0.0336,0,0,0,long_idle_unbelted
2025-05-03 08:31,EXC001,OP1001,1,1,0.0358,0,0,0,long_idle_unbelted
2025-05-03 08:32,EXC001,OP1001,1,1,0.0391,0,0,0,long_idle_unbelted
2025-05-03 08:33,EXC001,OP1001,1,1,0.0377,0,1,0,long_idle_unbelted
2025-05-03 08:34,EXC001,OP1001,1,1,0.0344,0,1,0,long_idle_unbelted
2025-05-03 08:35,EXC001,OP1001,1,1,0.0357,0,1,0,long_idle_unbelted
2025-05-03 08:36,EXC001,OP1001,1,1,0.0389,0,0,0,long_idle_unbelted
2025-05-03 08:37,EXC001,OP1001,1,1,0.0359,0,0,0,long_idle_unbelted
2025-05-03 08:38,EXC001,OP1001,1,1,0.0353,0,0,0,long_idle_unbelted
2025-05-03 08:39,EXC001,OP1001,1,1,0.0307,0,0,0,long_idle_unbelted
2025-05-03 08:40,EXC001,OP1001,1,1,0.0333,0,0,0,long_idle_unbelted
2025-05-03 08:41,EXC001,OP1001,1,0,0.0838,0,1,0,work
2025-05-03 08:42,EXC001,OP1001,1,0,0.0899,0,1,0,work
2025-05-03 08:43,EXC001,OP1001,1,0,0.0872,0,1,0,work
2025-05-03 08:44,EXC001,OP1001,1,0,0.0845,0,1,0,work
2025-05-03 08:45,EXC001,OP1001,1,0,0.078,1,1,0,work
2025-05-03 08:46,EXC001,OP1001,1,0,0.0751,0,1,0,work
2025-05-03 08:47,EXC001,OP1001,1,0,0.0937,0,1,0,work
2025-05-03 08:48,EXC001,OP1001,1,0,0.089,0,1,0,work
2025-05-03 08:49,EXC001,OP1001,1,0,0.0903,1,1,0,work
2025-05-03 08:50,EXC001,OP1001,1,0,0.0771,0,1,0,work
2025-05-03 08:51,EXC001,OP1001,1,0,0.0914,0,1,0,work
2025-05-03 08:52,EXC001,OP1001,1,0,0.0822,1,1,0,work
2025-05-03 08:53,EXC001,OP1001,1,0,0.0925,1,1,0,work
2025-05-03 08:54,EXC001,OP1001,1,0,0.087,0,1,0,work
2025-05-03 08:55,EXC001,OP1001,1,0,0.0825,0,1,0,work
2025-05-03 08:56,EXC001,OP1001,1,0,0.0771,0,1,0,work
2025-05-03 08:57,EXC001,OP1001,1,0,0.0831,0,1,0,work
2025-05-03 08:58,EXC001,OP1001,1,0,0.0795,0,1,0,work
2025-05-03 08:59,EXC001,OP1001,1,0,0.0843,0,1,0,work
2025-05-03 09:00,EXC001,OP1001,1,0,0.0798,1,1,0,work
2025-05-03 09:01,EXC001,OP1001,1,0,0.0912,0,1,0,work
2025-05-03 09:02,EXC001,OP1001,1,0,0.079,0,1,0,work
2025-05-03 09:03,EXC001,OP1001,1,0,0.0755,0,1,0,work
2025-05-03 09:04,EXC001,OP1001,1,0,0.0792,0,1,0,work
2025-05-03 09:05,EXC001,OP1001,1,0,0.0786,0,1,0,work
2025-05-03 09:06,EXC001,OP1001,1,0,0.0847,0,1,0,work
2025-05-03 09:07,EXC001,OP1001,1,0,0.0891,0,1,0,work
2025-05-03 09:08,EXC001,OP1001,1,0,0.0824,1,1,0,work
2025-05-03 09:09,EXC001,OP1001,1,0,0.0807,0,1,0,work
2025-05-03 09:10,EXC001,OP1001,1,0,0.0945,0,1,0,work
2025-05-03 09:11,EXC001,OP1001,1,0,0.082,0,1,0,work
2025-05-03 09:12,EXC001,OP1001,1,0,0.0892,0,1,0,work
2025-05-03 09:13,EXC001,OP1001,1,0,0.09,0,1,0,work
2025-05-03 09:14,EXC001,OP1001,1,0,0.0871,1,1,0,work
2025-05-03 09:15,EXC001,OP1001,1,0,0.0878,0,1,0,work
2025-05-03 09:16,EXC001,OP1001,1,0,0.0819,0,1,0,work
2025-05-03 09:17,EXC001,OP1001,1,0,0.0779,1,1,0,work
2025-05-03 09:18,EXC001,OP1001,1,0,0.0925,0,1,0,work
2025-05-03 09:19,EXC001,OP1001,1,0,0.0921,0,1,0,work
2025-05-03 09:20,EXC001,OP1001,1,0,0.0911,0,1,0,work
2025-05-03 09:21,EXC001,OP1001,1,0,0.0941,0,1,0,work
2025-05-03 09:22,EXC001,OP1001,1,0,0.0811,0,1,0,work
2025-05-03 09:23,EXC001,OP1001,1,0,0.0929,0,1,0,work
2025-05-03 09:24,EXC001,OP1001,1,0,0.0819,0,1,0,work
2025-05-03 09:25,EXC001,OP1001,1,0,0.0884,0,1,0,work
2025-05-03 09:26,EXC001,OP1001,1,0,0.0843,0,1,0,work
2025-05-03 09:27,EXC001,OP1001,1,0,0.0845,1,1,0,work
2025-05-03 09:28,EXC001,OP1001,1,0,0.0752,0,1,0,work
2025-05-03 09:29,EXC001,OP1001,1,0,0.091,0,1,0,work
2025-05-03 09:30,EXC001,OP1001,1,0,0.0852,0,1,0,work
2025-05-03 09:31,EXC001,OP1001,1,0,0.0818,0,1,0,work
2025-05-03 09:32,EXC001,OP1001,1,0,0.0919,0,1,0,work
2025-05-03 09:33,EXC001,OP1001,1,0,0.0924,0,1,0,work
2025-05-03 09:34,EXC001,OP1001,1,0,0.0773,0,1,0,work
2025-05-03 09:35,EXC001,OP1001,1,0,0.0785,0,1,0,work
2025-05-03 09:36,EXC001,OP1001,1,0,0.0912,1,1,0,work
2025-05-03 09:37,EXC001,OP1001,1,0,0.0928,1,1,0,work
2025-05-03 09:38,EXC001,OP1001,1,0,0.0875,0,1,0,work
2025-05-03 09:39,EXC001,OP1001,1,0,0.0768,0,1,0,work
2025-05-03 09:40,EXC001,OP1001,1,0,0.0902,0,1,0,work
2025-05-03 09:41,EXC001,OP1001,1,0,0.0904,1,1,0,work
2025-05-03 09:42,EXC001,OP1001,1,0,0.0877,0,1,0,work
2025-05-03 09:43,EXC001,OP1001,1,0,0.0941,0,1,0,work
2025-05-03 09:44,EXC001,OP1001,1,0,0.0794,0,1,0,work
2025-05-03 09:45,EXC001,OP1001,1,0,0.0755,0,1,0,work
2025-05-03 09:46,EXC001,OP1001,1,0,0.0798,0,1,0,work
2025-05-03 09:47,EXC001,OP1001,1,0,0.0823,0,1,0,work
2025-05-03 09:48,EXC001,OP1001,1,0,0.0856,1,1,0,work
2025-05-03 09:49,EXC001,OP1001,1,0,0.0834,0,1,0,work
2025-05-03 09:50,EXC001,OP1001,1,0,0.091,0,1,0,work
2025-05-03 09:51,EXC001,OP1001,1,0,0.0787,1,1,0,work
2025-05-03 09:52,EXC001,OP1001,1,0,0.0762,0,1,0,work
2025-05-03 09:53,EXC001,OP1001,1,0,0.0863,1,1,0,work
2025-05-03 09:54,EXC001,OP1001,1,0,0.0832,0,1,0,work
2025-05-03 09:55,EXC001,OP1001,1,0,0.084,0,1,0,work
2025-05-03 09:56,EXC001,OP1001,1,0,0.0942,0,1,0,work
2025-05-03 09:57,EXC001,OP1001,1,0,0.0946,0,1,0,work
2025-05-03 09:58,EXC001,OP1001,1,0,0.091,0,1,0,work
2025-05-03 09:59,EXC001,OP1001,1,0,0.0779,1,1,0,work
2025-05-03 10:00,EXC001,OP1001,1,0,0.0823,0,1,0,work
2025-05-03 10:01,EXC001,OP1001,1,0,0.088,1,1,0,work
2025-05-03 10:02,EXC001,OP1001,1,0,0.0884,0,1,0,work
2025-05-03 10:03,EXC001,OP1001,1,0,0.0929,0,1,0,work
2025-05-03 10:04,EXC001,OP1001,1,0,0.0795,0,1,0,work
2025-05-03 10:05,EXC001,OP1001,1,0,0.087,0,1,0,work
2025-05-03 10:06,EXC001,OP1001,1,0,0.0914,0,1,0,work
2025-05-03 10:07,EXC001,OP1001,1,0,0.0816,0,1,0,work
2025-05-03 10:08,EXC001,OP1001,1,1,0.0359,0,0,0,long_idle_unbelted
2025-05-03 10:09,EXC001,OP1001,1,1,0.0337,0,0,0,long_idle_unbelted
2025-05-03 10:10,EXC001,OP1001,1,1,0.0378,0,0,0,long_idle_unbelted
2025-05-03 10:11,EXC001,OP1001,1,1,0.0367,0,0,0,long_idle_unbelted
2025-05-03 10:12,EXC001,OP1001,1,1,0.0386,0,0,0,long_idle_unbelted
2025-05-03 10:13,EXC001,OP1001,1,1,0.0375,0,1,0,long_idle_unbelted
2025-05-03 10:14,EXC001,OP1001,1,1,0.0362,0,0,0,long_idle_unbelted
2025-05-03 10:15,EXC001,OP1001,1,1,0.0327,0,0,0,long_idle_unbelted
2025-05-03 10:16,EXC001,OP1001,1,1,0.0344,0,0,0,long_idle_unbelted
2025-05-03 10:17,EXC001,OP1001,1,1,0.035,0,0,0,long_idle_unbelted
2025-05-03 10:18,EXC001,OP1001,1,1,0.0365,0,0,0,long_idle_unbelted
2025-05-03 10:19,EXC001,OP1001,1,1,0.035,0,0,0,long_idle_unbelted
2025-05-03 10:20,EXC001,OP1001,1,1,0.0332,0,0,0,long_idle_unbelted
2025-05-03 10:21,EXC001,OP1001,1,1,0.0375,0,0,0,long_idle_unbelted
2025-05-03 10:22,EXC001,OP1001,1,1,0.0377,0,0,0,long_idle_unbelted
2025-05-03 10:23,EXC001,OP1001,1,1,0.0388,0,0,0,long_idle_unbelted
2025-05-03 10:24,EXC001,OP1001,1,1,0.0351,0,0,0,long_idle_unbelted
2025-05-03 10:25,EXC001,OP1001,1,1,0.0391,0,0,0,long_idle_unbelted
2025-05-03 10:26,EXC001,OP1001,1,1,0.0362,0,1,0,long_idle_unbelted
2025-05-03 10:27,EXC001,OP1001,1,1,0.036,0,1,0,long_idle_unbelted
2025-05-03 10:28,EXC001,OP1001,1,1,0.0396,0,1,0,long_idle_unbelted
2025-05-03 10:29,EXC001,OP1001,1,1,0.0381,0,0,0,long_idle_unbelted
2025-05-03 10:30,EXC001,OP1001,1,1,0.0358,0,0,0,long_idle_unbelted
2025-05-03 10:31,EXC001,OP1001,1,1,0.0375,0,0,0,long_idle_unbelted
2025-05-03 10:32,EXC001,OP1001,1,1,0.0387,0,0,0,long_idle_unbelted
2025-05-03 10:33,EXC001,OP1001,1,1,0.0316,0,0,0,long_idle_unbelted
2025-05-03 10:34,EXC001,OP1001,1,1,0.0371,0,0,0,long_idle_unbelted
2025-05-03 10:35,EXC001,OP1001,1,1,0.032,0,0,0,long_idle_unbelted
2025-05-03 10:36,EXC001,OP1001,1,1,0.0331,0,1,0,long_idle_unbelted
2025-05-03 10:37,EXC001,OP1001,1,1,0.0326,0,0,0,long_idle_unbelted
2025-05-03 10:38,EXC001,OP1001,1,1,0.0302,0,0,0,long_idle_unbelted
2025-05-03 10:39,EXC001,OP1001,1,1,0.0311,0,0,0,long_idle_unbelted
2025-05-03 10:40,EXC001,OP1001,1,1,0.031,0,0,0,long_idle_unbelted
2025-05-03 10:41,EXC001,OP1001,1,1,0.0362,0,1,0,long_idle_unbelted
2025-05-03 10:42,EXC001,OP1001,1,1,0.0379,0,1,0,long_idle_unbelted
2025-05-03 10:43,EXC001,OP1001,1,1,0.0381,0,0,0,long_idle_unbelted
2025-05-03 10:44,EXC001,OP1001,1,1,0.0395,0,1,0,long_idle_unbelted
2025-05-03 10:45,EXC001,OP1001,1,1,0.0317,0,1,0,long_idle_unbelted
2025-05-03 10:46,EXC001,OP1001,1,1,0.0378,0,0,0,long_idle_unbelted
2025-05-03 10:47,EXC001,OP1001,1,1,0.0372,0,0,0,long_idle_unbelted
2025-05-03 10:48,EXC001,OP1001,1,1,0.0373,0,0,0,long_idle_unbelted
2025-05-03 10:49,EXC001,OP1001,1,1,0.039,0,0,0,long_idle_unbelted
2025-05-03 10:50,EXC001,OP1001,1,1,0.0311,0,0,0,long_idle_unbelted
2025-05-03 10:51,EXC001,OP1001,1,1,0.0308,0,1,0,long_idle_unbelted
2025-05-03 10:52,EXC001,OP1001,1,1,0.032,0,1,0,long_idle_unbelted
2025-05-03 10:53,EXC001,OP1001,1,1,0.0322,0,0,0,long_idle_unbelted
2025-05-03 10:54,EXC001,OP1001,1,1,0.034,0,1,0,long_idle_unbelted
2025-05-03 10:55,EXC001,OP1001,1,1,0.0329,0,0,0,long_idle_unbelted
2025-05-03 10:56,EXC001,OP1001,1,1,0.0387,0,0,0,long_idle_unbelted
2025-05-03 10:57,EXC001,OP1001,1,1,0.0374,0,0,0,long_idle_unbelted
2025-05-03 10:58,EXC001,OP1001,1,1,0.0354,0,1,0,long_idle_unbelted
2025-05-03 10:59,EXC001,OP1001,1,1,0.0345,0,0,0,long_idle_unbelted
2025-05-03 11:00,EXC001,OP1001,1,1,0.0373,0,0,0,long_idle_unbelted
2025-05-03 11:01,EXC001,OP1001,1,1,0.0333,0,0,0,long_idle_unbelted
2025-05-03 11:02,EXC001,OP1001,1,1,0.0393,0,0,0,long_idle_unbelted
2025-05-03 11:03,EXC001,OP1001,1,1,0.0328,0,0,0,long_idle_unbelted
2025-05-03 11:04,EXC001,OP1001,1,1,0.0358,0,0,0,long_idle_unbelted
2025-05-03 11:05,EXC001,OP1001,1,1,0.0384,0,0,0,long_idle_unbelted
2025-05-03 11:06,EXC001,OP1001,1,1,0.03,0,0,0,long_idle_unbelted
2025-05-03 11:07,EXC001,OP1001,1,1,0.0323,0,0,0,long_idle_unbelted
2025-05-03 11:08,EXC001,OP1001,1,1,0.0362,0,0,0,long_idle_unbelted
2025-05-03 11:09,EXC001,OP1001,1,1,0.039,0,0,0,long_idle_unbelted
2025-05-03 11:10,EXC001,OP1001,1,1,0.0321,0,1,0,long_idle_unbelted
2025-05-03 11:11,EXC001,OP1001,1,1,0.0317,0,0,0,long_idle_unbelted
2025-05-03 11:12,EXC001,OP1001,1,1,0.0396,0,0,0,long_idle_unbelted
2025-05-03 11:13,EXC001,OP1001,1,0,0.0866,0,1,0,work
2025-05-03 11:14,EXC001,OP1001,1,0,0.083,1,1,0,work
2025-05-03 11:15,EXC001,OP1001,1,0,0.0808,0,1,0,work
2025-05-03 11:16,EXC001,OP1001,1,0,0.0927,0,1,0,work
2025-05-03 11:17,EXC001,OP1001,1,0,0.0863,0,1,0,work
2025-05-03 11:18,EXC001,OP1001,1,0,0.0761,0,1,0,work
2025-05-03 11:19,EXC001,OP1001,1,0,0.0816,0,1,0,work
2025-05-03 11:20,EXC001,OP1001,1,0,0.0923,0,1,0,work
2025-05-03 11:21,EXC001,OP1001,1,0,0.0916,1,1,0,work
2025-05-03 11:22,EXC001,OP1001,1,0,0.0793,0,1,0,work
2025-05-03 11:23,EXC001,OP1001,1,0,0.0801,0,1,0,work
2025-05-03 11:24,EXC001,OP1001,1,0,0.0935,0,1,0,work
2025-05-03 11:25,EXC001,OP1001,1,0,0.0804,0,1,0,work
2025-05-03 11:26,EXC001,OP1001,1,0,0.0887,0,1,0,work
2025-05-03 11:27,EXC001,OP1001,1,0,0.0784,0,1,0,work
2025-05-03 11:28,EXC001,OP1001,1,0,0.0893,0,1,0,work
2025-05-03 11:29,EXC001,OP1001,1,0,0.0778,0,1,0,work
2025-05-03 11:30,EXC001,OP1001,1,0,0.0752,0,1,0,work
2025-05-03 11:31,EXC001,OP1001,1,0,0.0753,0,1,0,work
2025-05-03 11:32,EXC001,OP1001,1,0,0.0894,1,1,0,work
2025-05-03 11:33,EXC001,OP1001,1,0,0.0883,0,1,0,work
2025-05-03 11:34,EXC001,OP1001,1,0,0.0826,0,1,0,work
2025-05-03 11:35,EXC001,OP1001,1,0,0.0873,0,1,0,work
2025-05-03 11:36,EXC001,OP1001,1,0,0.0803,0,1,0,work
2025-05-03 11:37,EXC001,OP1001,1,0,0.0846,0,1,0,work
2025-05-03 11:38,EXC001,OP1001,1,0,0.0882,0,1,0,work
2025-05-03 11:39,EXC001,OP1001,1,0,0.094,0,1,0,work
2025-05-03 11:40,EXC001,OP1001,1,0,0.0844,0,1,0,work
2025-05-03 11:41,EXC001,OP1001,1,0,0.0761,0,1,0,work
2025-05-03 11:42,EXC001,OP1001,1,0,0.0759,1,1,0,work
2025-05-03 11:43,EXC001,OP1001,1,0,0.083,0,1,0,work
2025-05-03 11:44,EXC001,OP1001,1,0,0.0856,0,1,0,work
2025-05-03 11:45,EXC001,OP1001,1,0,0.081,1,1,0,work
2025-05-03 11:46,EXC001,OP1001,1,0,0.0775,1,1,0,work
2025-05-03 11:47,EXC001,OP1001,1,0,0.0872,0,1,0,work
2025-05-03 11:48,EXC001,OP1001,1,0,0.0762,0,1,0,work
2025-05-03 11:49,EXC001,OP1001,1,0,0.0885,0,1,0,work
2025-05-03 11:50,EXC001,OP1001,1,0,0.0781,0,1,0,work
2025-05-03 11:51,EXC001,OP1001,0,0,0.0,0,1,0,off
2025-05-03 11:52,EXC001,OP1001,0,0,0.0,0,1,0,off
2025-05-03 11:53,EXC001,OP1001,0,0,0.0,0,1,0,off
2025-05-03 11:54,EXC001,OP1001,0,0,0.0,0,1,0,off
2025-05-03 11:55,EXC001,OP1001,0,0,0.0,0,1,0,off
2025-05-03 11:56,EXC001,OP1001,0,0,0.0,0,1,0,off
2025-05-03 11:57,EXC001,OP1001,0,0,0.0,0,1,0,off
2025-05-03 11:58,EXC001,OP1001,0,0,0.0,0,1,0,off
2025-05-03 11:59,EXC001,OP1001,0,0,0.0,0,1,0,off
2025-05-03 12:00,EXC001,OP1001,0,0,0.0,0,1,0,off
2025-05-03 12:01,EXC001,OP1001,0,0,0.0,0,1,0,off
2025-05-03 12:02,EXC001,OP1001,0,0,0.0,0,1,0,off
2025-05-03 12:03,EXC001,OP1001,0,0,0.0,0,1,0,off
2025-05-03 12:04,EXC001,OP1001,0,0,0.0,0,1,0,off
2025-05-03 12:05,EXC001,OP1001,0,0,0.0,0,1,0,off
2025-05-03 12:06,EXC001,OP1001,0,0,0.0,0,1,0,off
2025-05-03 12:07,EXC001,OP1001,0,0,0.0,0,1,0,off
2025-05-03 12:08,EXC001,OP1001,0,0,0.0,0,1,0,off
2025-05-03 12:09,EXC001,OP1001,0,0,0.0,0,1,0,off
2025-05-03 12:10,EXC001,OP1001,0,0,0.0,0,1,0,off
2025-05-03 12:11,EXC001,OP1001,0,0,0.0,0,1,0,off
2025-05-03 12:12,EXC001,OP1001,0,0,0.0,0,1,0,off
2025-05-03 12:13,EXC001,OP1001,0,0,0.0,0,1,0,off
2025-05-03 12:14,EXC001,OP1001,0,0,0.0,0,1,0,off
2025-05-03 12:15,EXC001,OP1001,0,0,0.0,0,1,0,off
2025-05-03 12:16,EXC001,OP1001,0,0,0.0,0,1,0,off
2025-05-03 12:17,EXC001,OP1001,1,0,0.0854,1,1,0,work
2025-05-03 12:18,EXC001,OP1001,1,0,0.0824,0,1,0,work
2025-05-03 12:19,EXC001,OP1001,1,0,0.0911,0,1,0,work
2025-05-03 12:20,EXC001,OP1001,1,0,0.09,0,1,0,work
2025-05-03 12:21,EXC001,OP1001,1,0,0.087,0,1,0,work
2025-05-03 12:22,EXC001,OP1001,1,0,0.0923,0,1,0,work
2025-05-03 12:23,EXC001,OP1001,1,0,0.0762,0,1,0,work
2025-05-03 12:24,EXC001,OP1001,1,0,0.0863,0,1,0,work
2025-05-03 12:25,EXC001,OP1001,1,0,0.0823,1,1,0,work
2025-05-03 12:26,EXC001,OP1001,1,0,0.0805,0,1,0,work
2025-05-03 12:27,EXC001,OP1001,1,0,0.0948,1,1,0,work
2025-05-03 12:28,EXC001,OP1001,1,0,0.0765,0,1,0,work
2025-05-03 12:29,EXC001,OP1001,1,0,0.091,0,1,0,work
2025-05-03 12:30,EXC001,OP1001,1,0,0.0777,0,1,1,work
2025-05-03 12:31,EXC001,OP1001,1,0,0.0859,0,1,0,work
2025-05-03 12:32,EXC001,OP1001,1,0,0.0757,0,1,0,work
2025-05-03 12:33,EXC001,OP1001,1,0,0.0806,0,1,0,work
2025-05-03 12:34,EXC001,OP1001,1,0,0.0861,0,1,0,work
2025-05-03 12:35,EXC001,OP1001,1,0,0.0793,0,1,0,work
2025-05-03 12:36,EXC001,OP1001,1,0,0.0852,1,1,0,work
2025-05-03 12:37,EXC001,OP1001,1,0,0.0941,0,1,0,work
2025-05-03 12:38,EXC001,OP1001,1,0,0.0928,0,1,0,work
2025-05-03 12:39,EXC001,OP1001,1,0,0.0758,0,1,0,work
2025-05-03 12:40,EXC001,OP1001,1,0,0.0896,0,1,0,work
2025-05-03 12:41,EXC001,OP1001,1,0,0.0777,0,1,0,work
2025-05-03 12:42,EXC001,OP1001,1,0,0.0894,0,1,0,work
2025-05-03 12:43,EXC001,OP1001,1,0,0.0757,0,1,1,work
2025-05-03 12:44,EXC001,OP1001,1,0,0.0919,1,1,0,work
2025-05-03 12:45,EXC001,OP1001,1,0,0.0871,1,1,0,work
2025-05-03 12:46,EXC001,OP1001,1,0,0.0921,0,1,0,work
2025-05-03 12:47,EXC001,OP1001,1,0,0.0795,0,1,0,work
2025-05-03 12:48,EXC001,OP1001,1,0,0.0944,0,1,0,work
2025-05-03 12:49,EXC001,OP1001,1,0,0.0786,0,1,0,work
2025-05-03 12:50,EXC001,OP1001,1,0,0.0799,0,1,0,work
2025-05-03 12:51,EXC001,OP1001,1,0,0.0877,0,1,0,work
2025-05-03 12:52,EXC001,OP1001,1,0,0.0912,1,1,0,work
2025-05-03 12:53,EXC001,OP1001,1,0,0.088,0,1,0,work
2025-05-03 12:54,EXC001,OP1001,1,0,0.0775,0,1,0,work
2025-05-03 12:55,EXC001,OP1001,1,0,0.0801,0,1,0,work
2025-05-03 12:56,EXC001,OP1001,1,0,0.0838,0,1,0,work
2025-05-03 12:57,EXC001,OP1001,1,0,0.0945,1,1,0,work
2025-05-03 12:58,EXC001,OP1001,1,0,0.0932,0,1,0,work
2025-05-03 12:59,EXC001,OP1001,1,0,0.0876,1,1,0,work
2025-05-03 13:00,EXC001,OP1001,1,0,0.0812,1,1,0,work
2025-05-03 13:01,EXC001,OP1001,1,0,0.0836,0,1,0,work
2025-05-03 13:02,EXC001,OP1001,1,0,0.077,0,1,0,work
2025-05-03 13:03,EXC001,OP1001,1,0,0.0922,1,1,0,work
2025-05-03 13:04,EXC001,OP1001,1,0,0.0939,0,1,0,work
2025-05-03 13:05,EXC001,OP1001,1,0,0.0935,0,1,0,work
2025-05-03 13:06,EXC001,OP1001,1,0,0.0784,0,1,0,work
2025-05-03 13:07,EXC001,OP1001,1,0,0.0819,0,1,0,work
2025-05-03 13:08,EXC001,OP1001,1,0,0.0861,0,1,0,work
2025-05-03 13:09,EXC001,OP1001,1,0,0.0765,1,1,0,work
2025-05-03 13:10,EXC001,OP1001,1,0,0.0853,0,1,0,work
2025-05-03 13:11,EXC001,OP1001,1,0,0.0849,0,1,0,work
2025-05-03 13:12,EXC001,OP1001,1,0,0.0805,1,1,0,work
2025-05-03 13:13,EXC001,OP1001,1,0,0.081,0,1,0,work
2025-05-03 13:14,EXC001,OP1001,1,0,0.0827,0,0,0,work
2025-05-03 13:15,EXC001,OP1001,1,0,0.0845,0,1,1,work
2025-05-03 13:16,EXC001,OP1001,1,0,0.0885,1,1,0,work
2025-05-03 13:17,EXC001,OP1001,1,0,0.0764,0,1,0,work
2025-05-03 13:18,EXC001,OP1001,1,0,0.0754,0,1,0,work
2025-05-03 13:19,EXC001,OP1001,1,0,0.0848,1,1,0,work
2025-05-03 13:20,EXC001,OP1001,1,0,0.0846,0,1,0,work
2025-05-03 13:21,EXC001,OP1001,1,0,0.0938,1,1,0,work
2025-05-03 13:22,EXC001,OP1001,1,0,0.0759,0,0,0,work
2025-05-03 13:23,EXC001,OP1001,1,0,0.0894,0,1,0,work
2025-05-03 13:24,EXC001,OP1001,1,0,0.0897,0,1,0,work
2025-05-03 13:25,EXC001,OP1001,1,0,0.0761,1,1,0,work
2025-05-03 13:26,EXC001,OP1001,1,0,0.0815,0,1,0,work
2025-05-03 13:27,EXC001,OP1001,1,0,0.0846,0,1,0,work
2025-05-03 13:28,EXC001,OP1001,1,0,0.0904,0,1,0,work
2025-05-03 13:29,EXC001,OP1001,1,0,0.0824,0,1,0,work
2025-05-03 13:30,EXC001,OP1001,1,0,0.0894,1,1,0,work
2025-05-03 13:31,EXC001,OP1001,1,0,0.0937,0,1,0,work
2025-05-03 13:32,EXC001,OP1001,1,0,0.0776,0,1,0,work
2025-05-03 13:33,EXC001,OP1001,1,0,0.0857,0,1,0,work
2025-05-03 13:34,EXC001,OP1001,1,0,0.0936,0,1,0,work
2025-05-03 13:35,EXC001,OP1001,1,0,0.0948,0,1,0,work
2025-05-03 13:36,EXC001,OP1001,1,0,0.0911,0,1,0,work
2025-05-03 13:37,EXC001,OP1001,1,0,0.0902,1,1,0,work
2025-05-03 13:38,EXC001,OP1001,1,0,0.0825,0,1,0,work
2025-05-03 13:39,EXC001,OP1001,1,0,0.0881,1,1,0,work
2025-05-03 13:40,EXC001,OP1001,1,0,0.0829,0,1,0,work
2025-05-03 13:41,EXC001,OP1001,1,0,0.0881,0,1,0,work
2025-05-03 13:42,EXC001,OP1001,1,0,0.0906,1,1,0,work
2025-05-03 13:43,EXC001,OP1001,1,0,0.0915,0,1,0,work
2025-05-03 13:44,EXC001,OP1001,1,0,0.0768,0,1,0,work
2025-05-03 13:45,EXC001,OP1001,1,0,0.0876,0,1,0,work
2025-05-03 13:46,EXC001,OP1001,1,0,0.0916,1,1,0,work
2025-05-03 13:47,EXC001,OP1001,1,0,0.0848,1,1,0,work
2025-05-03 13:48,EXC001,OP1001,1,0,0.094,0,0,0,work
2025-05-03 13:49,EXC001,OP1001,1,0,0.0783,0,1,0,work
2025-05-03 13:50,EXC001,OP1001,1,0,0.0877,0,1,0,work
2025-05-03 13:51,EXC001,OP1001,1,0,0.0762,0,1,0,work
2025-05-03 13:52,EXC001,OP1001,1,0,0.093,1,1,0,work
2025-05-03 13:53,EXC001,OP1001,1,0,0.0874,0,1,0,work
2025-05-03 13:54,EXC001,OP1001,1,0,0.0887,0,1,0,work
2025-05-03 13:55,EXC001,OP1001,1,0,0.0849,1,1,0,work
2025-05-03 13:56,EXC001,OP1001,1,0,0.075,0,1,0,work
2025-05-03 13:57,EXC001,OP1001,1,0,0.0781,0,1,0,work
2025-05-03 13:58,EXC001,OP1001,1,0,0.089,0,1,0,work
2025-05-03 13:59,EXC001,OP1001,1,0,0.0806,0,1,0,work
2025-05-03 14:00,EXC001,OP1001,1,0,0.0786,0,1,0,work
2025-05-03 14:01,EXC001,OP1001,1,0,0.0928,0,1,0,work
2025-05-03 14:02,EXC001,OP1001,1,0,0.0775,0,1,0,work
2025-05-03 14:03,EXC001,OP1001,1,0,0.0945,0,1,0,work
2025-05-03 14:04,EXC001,OP1001,1,0,0.0797,1,1,0,work
2025-05-03 14:05,EXC001,OP1001,1,0,0.0889,0,1,0,work
2025-05-03 14:06,EXC001,OP1001,1,0,0.0875,0,1,0,work
2025-05-03 14:07,EXC001,OP1001,1,0,0.0946,1,1,0,work
2025-05-03 14:08,EXC001,OP1001,1,0,0.0866,1,1,0,work
2025-05-03 14:09,EXC001,OP1001,1,0,0.0944,1,1,0,work
2025-05-03 14:10,EXC001,OP1001,1,0,0.0866,0,1,0,work
2025-05-03 14:11,EXC001,OP1001,1,0,0.0839,0,1,0,work
2025-05-03 14:12,EXC001,OP1001,1,0,0.0767,1,1,0,work
2025-05-03 14:13,EXC001,OP1001,1,0,0.0799,0,1,0,work
2025-05-03 14:14,EXC001,OP1001,1,0,0.0838,0,1,0,work
2025-05-03 14:15,EXC001,OP1001,1,0,0.0792,1,1,0,work
2025-05-03 14:16,EXC001,OP1001,1,0,0.0949,1,1,0,work
2025-05-03 14:17,EXC001,OP1001,1,0,0.0879,0,1,0,work
2025-05-03 14:18,EXC001,OP1001,1,0,0.095,0,1,0,work
2025-05-03 14:19,EXC001,OP1001,1,0,0.0916,1,1,0,work
2025-05-03 14:20,EXC001,OP1001,1,0,0.0921,0,1,0,work
2025-05-03 14:21,EXC001,OP1001,1,0,0.0765,0,1,0,work
2025-05-03 14:22,EXC001,OP1001,1,0,0.0804,0,1,0,work
2025-05-03 14:23,EXC001,OP1001,1,0,0.0816,0,1,0,work
2025-05-03 14:24,EXC001,OP1001,1,0,0.0839,0,1,0,work
2025-05-03 14:25,EXC001,OP1001,1,0,0.0942,0,1,0,work
2025-05-03 14:26,EXC001,OP1001,1,0,0.0835,0,1,0,work
2025-05-03 14:27,EXC001,OP1001,1,0,0.0824,0,1,0,work
2025-05-03 14:28,EXC001,OP1001,1,0,0.0916,0,1,0,work
2025-05-03 14:29,EXC001,OP1001,1,0,0.0836,0,1,0,work
2025-05-03 14:30,EXC001,OP1001,1,0,0.0847,1,1,0,work
2025-05-03 14:31,EXC001,OP1001,1,0,0.0763,0,1,0,work
2025-05-03 14:32,EXC001,OP1001,1,0,0.0922,0,1,0,work
2025-05-03 14:33,EXC001,OP1001,1,0,0.0751,0,1,0,work
2025-05-03 14:34,EXC001,OP1001,1,0,0.0945,1,1,0,work
2025-05-03 14:35,EXC001,OP1001,1,0,0.0811,0,1,0,work
2025-05-03 14:36,EXC001,OP1001,1,0,0.0944,0,1,0,work
2025-05-03 14:37,EXC001,OP1001,1,0,0.0823,0,1,0,work
2025-05-03 14:38,EXC001,OP1001,1,0,0.0889,0,1,0,work
2025-05-03 14:39,EXC001,OP1001,1,0,0.0856,0,1,0,work
2025-05-03 14:40,EXC001,OP1001,1,0,0.0832,0,1,0,work
2025-05-03 14:41,EXC001,OP1001,1,0,0.091,0,1,0,work
2025-05-03 14:42,EXC001,OP1001,1,0,0.0788,0,1,0,work
2025-05-03 14:43,EXC001,OP1001,1,0,0.081,0,1,0,work
2025-05-03 14:44,EXC001,OP1001,1,0,0.0923,0,1,0,work
2025-05-03 14:45,EXC001,OP1001,1,0,0.0892,0,1,0,work
2025-05-03 14:46,EXC001,OP1001,1,0,0.0939,0,1,0,work
2025-05-03 14:47,EXC001,OP1001,1,0,0.0949,0,1,0,work
2025-05-03 14:48,EXC001,OP1001,1,0,0.079,0,1,0,work
2025-05-03 14:49,EXC001,OP1001,1,0,0.0773,0,1,0,work
2025-05-03 14:50,EXC001,OP1001,1,0,0.0916,0,1,0,work
2025-05-03 14:51,EXC001,OP1001,1,0,0.0942,1,1,0,work
2025-05-03 14:52,EXC001,OP1001,1,0,0.0778,1,1,0,work
2025-05-03 14:53,EXC001,OP1001,1,0,0.0911,0,1,0,work
2025-05-03 14:54,EXC001,OP1001,1,0,0.0765,0,1,0,work
2025-05-03 14:55,EXC001,OP1001,1,0,0.0899,0,1,0,work
2025-05-03 14:56,EXC001,OP1001,1,0,0.0937,0,1,0,work
2025-05-03 14:57,EXC001,OP1001,1,0,0.0759,1,1,0,work
2025-05-03 14:58,EXC001,OP1001,1,0,0.091,0,1,0,work
2025-05-03 14:59,EXC001,OP1001,1,0,0.0761,0,1,0,work
2025-05-03 15:00,EXC001,OP1001,1,0,0.0865,0,1,0,work
2025-05-03 15:01,EXC001,OP1001,1,0,0.0809,0,1,0,work
2025-05-03 15:02,EXC001,OP1001,1,0,0.0896,0,1,0,work
2025-05-03 15:03,EXC001,OP1001,1,0,0.0814,0,0,0,work
2025-05-03 15:04,EXC001,OP1001,1,0,0.0851,0,0,0,work
2025-05-03 15:05,EXC001,OP1001,1,0,0.0883,0,1,0,work
2025-05-03 15:06,EXC001,OP1001,1,0,0.0864,0,1,0,work
2025-05-03 15:07,EXC001,OP1001,1,0,0.0915,0,1,0,work
2025-05-03 15:08,EXC001,OP1001,1,0,0.0929,0,1,0,work
2025-05-03 15:09,EXC001,OP1001,1,0,0.0921,1,1,0,work
2025-05-03 15:10,EXC001,OP1001,1,0,0.0769,0,1,0,work
2025-05-03 15:11,EXC001,OP1001,1,0,0.094,0,1,0,work
2025-05-03 15:12,EXC001,OP1001,1,0,0.0753,0,1,0,work
2025-05-03 15:13,EXC001,OP1001,1,0,0.0764,0,1,0,work
2025-05-03 15:14,EXC001,OP1001,1,0,0.089,0,1,0,work
2025-05-03 15:15,EXC001,OP1001,1,0,0.0778,0,1,0,work
2025-05-03 15:16,EXC001,OP1001,1,1,0.0396,0,0,0,long_idle_unbelted
2025-05-03 15:17,EXC001,OP1001,1,1,0.0395,0,0,0,long_idle_unbelted
2025-05-03 15:18,EXC001,OP1001,1,1,0.0366,0,0,0,long_idle_unbelted
2025-05-03 15:19,EXC001,OP1001,1,1,0.0382,0,1,0,long_idle_unbelted
2025-05-03 15:20,EXC001,OP1001,1,1,0.0399,0,0,0,long_idle_unbelted
2025-05-03 15:21,EXC001,OP1001,1,1,0.0366,0,0,0,long_idle_unbelted
2025-05-03 15:22,EXC001,OP1001,1,1,0.0313,0,0,0,long_idle_unbelted
2025-05-03 15:23,EXC001,OP1001,1,1,0.0394,0,0,0,long_idle_unbelted
2025-05-03 15:24,EXC001,OP1001,1,1,0.0305,0,1,0,long_idle_unbelted
2025-05-03 15:25,EXC001,OP1001,1,1,0.0331,0,0,0,long_idle_unbelted
2025-05-03 15:26,EXC001,OP1001,1,1,0.0373,0,0,0,long_idle_unbelted
2025-05-03 15:27,EXC001,OP1001,1,1,0.0346,0,0,0,long_idle_unbelted
2025-05-03 15:28,EXC001,OP1001,1,1,0.0304,0,0,0,long_idle_unbelted
2025-05-03 15:29,EXC001,OP1001,1,1,0.0334,0,0,0,long_idle_unbelted
2025-05-03 15:30,EXC001,OP1001,1,1,0.0327,0,0,0,long_idle_unbelted
2025-05-03 15:31,EXC001,OP1001,1,1,0.0343,0,0,0,long_idle_unbelted
2025-05-03 15:32,EXC001,OP1001,1,1,0.0316,0,1,0,long_idle_unbelted
2025-05-03 15:33,EXC001,OP1001,1,1,0.0341,0,0,0,long_idle_unbelted
2025-05-03 15:34,EXC001,OP1001,1,1,0.037,0,0,0,long_idle_unbelted
2025-05-03 15:35,EXC001,OP1001,1,1,0.0341,0,1,0,long_idle_unbelted
2025-05-03 15:36,EXC001,OP1001,1,1,0.0352,0,0,0,long_idle_unbelted
2025-05-03 15:37,EXC001,OP1001,1,1,0.0396,0,1,0,long_idle_unbelted
2025-05-03 15:38,EXC001,OP1001,1,1,0.0376,0,1,0,long_idle_unbelted
2025-05-03 15:39,EXC001,OP1001,1,1,0.0308,0,1,0,long_idle_unbelted
2025-05-03 15:40,EXC001,OP1001,1,1,0.0359,0,0,0,long_idle_unbelted
2025-05-03 15:41,EXC001,OP1001,1,1,0.0334,0,1,0,long_idle_unbelted
2025-05-03 15:42,EXC001,OP1001,1,1,0.032,0,0,0,long_idle_unbelted
2025-05-03 15:43,EXC001,OP1001,1,1,0.0314,0,0,0,long_idle_unbelted
2025-05-03 15:44,EXC001,OP1001,1,1,0.0358,0,0,0,long_idle_unbelted
2025-05-03 15:45,EXC001,OP1001,1,1,0.0315,0,0,0,long_idle_unbelted
2025-05-03 15:46,EXC001,OP1001,1,1,0.0326,0,0,0,long_idle_unbelted
2025-05-03 15:47,EXC001,OP1001,1,1,0.0393,0,1,0,long_idle_unbelted
2025-05-03 15:48,EXC001,OP1001,1,0,0.077,0,1,0,work
2025-05-03 15:49,EXC001,OP1001,1,0,0.0752,0,1,0,work
2025-05-03 15:50,EXC001,OP1001,1,0,0.0915,0,1,0,work
2025-05-03 15:51,EXC001,OP1001,1,0,0.0849,0,1,0,work
2025-05-03 15:52,EXC001,OP1001,1,0,0.0831,0,1,0,work
2025-05-03 15:53,EXC001,OP1001,1,0,0.0935,0,1,0,work
2025-05-03 15:54,EXC001,OP1001,1,0,0.0842,0,1,0,work
2025-05-03 15:55,EXC001,OP1001,1,0,0.085,0,1,0,work
2025-05-03 15:56,EXC001,OP1001,1,0,0.0878,0,1,0,work
2025-05-03 15:57,EXC001,OP1001,1,0,0.0913,1,1,0,work
2025-05-03 15:58,EXC001,OP1001,1,0,0.082,0,1,0,work
2025-05-03 15:59,EXC001,OP1001,1,0,0.0767,0,1,0,work
2025-05-03 16:00,EXC001,OP1001,1,0,0.0825,0,1,0,work
2025-05-03 16:01,EXC001,OP1001,1,0,0.0931,0,1,0,work
2025-05-03 16:02,EXC001,OP1001,1,0,0.0805,0,1,0,work
2025-05-03 16:03,EXC001,OP1001,1,0,0.0864,0,1,0,work
2025-05-03 16:04,EXC001,OP1001,1,0,0.0862,0,1,0,work
2025-05-03 16:05,EXC001,OP1001,1,0,0.0828,0,1,0,work
2025-05-03 16:06,EXC001,OP1001,1,0,0.0902,0,1,0,work
2025-05-03 16:07,EXC001,OP1001,1,0,0.0881,0,1,0,work
2025-05-03 16:08,EXC001,OP1001,1,0,0.0778,0,1,0,work
2025-05-03 16:09,EXC001,OP1001,1,0,0.0846,0,1,0,work
2025-05-03 16:10,EXC001,OP1001,1,0,0.0775,1,1,0,work
2025-05-03 16:11,EXC001,OP1001,1,0,0.0795,0,1,0,work
2025-05-03 16:12,EXC001,OP1001,1,0,0.0892,0,1,0,work
2025-05-03 16:13,EXC001,OP1001,1,0,0.0826,0,1,0,work
2025-05-03 16:14,EXC001,OP1001,1,0,0.0916,1,1,0,work
2025-05-03 16:15,EXC001,OP1001,1,0,0.0771,1,1,0,work
2025-05-03 16:16,EXC001,OP1001,1,0,0.0896,0,1,0,work
2025-05-03 16:17,EXC001,OP1001,1,0,0.0893,0,1,0,work
2025-05-03 16:18,EXC001,OP1001,1,0,0.0818,0,1,0,work
2025-05-03 16:19,EXC001,OP1001,1,0,0.0762,0,1,0,work
2025-05-03 16:20,EXC001,OP1001,1,0,0.0947,0,1,0,work
2025-05-03 16:21,EXC001,OP1001,1,0,0.0906,0,1,0,work
2025-05-03 16:22,EXC001,OP1001,1,0,0.0907,0,1,0,work
2025-05-03 16:23,EXC001,OP1001,1,0,0.0823,0,1,0,work
2025-05-03 16:24,EXC001,OP1001,1,0,0.0794,0,1,0,work
2025-05-03 16:25,EXC001,OP1001,1,0,0.0947,0,1,0,work
2025-05-03 16:26,EXC001,OP1001,1,0,0.0759,0,1,0,work
2025-05-03 16:27,EXC001,OP1001,1,0,0.0801,0,1,0,work
2025-05-03 16:28,EXC001,OP1001,1,0,0.0801,0,1,0,work
2025-05-03 16:29,EXC001,OP1001,1,0,0.0896,0,1,0,work
2025-05-03 16:30,EXC001,OP1001,1,0,0.0793,0,1,0,work
2025-05-03 16:31,EXC001,OP1001,1,0,0.0783,0,1,0,work
2025-05-03 16:32,EXC001,OP1001,1,0,0.0872,0,1,0,work
2025-05-03 16:33,EXC001,OP1001,1,0,0.0883,0,1,0,work
2025-05-03 16:34,EXC001,OP1001,1,0,0.0762,0,1,0,work
2025-05-03 16:35,EXC001,OP1001,1,0,0.0768,1,1,0,work
2025-05-03 16:36,EXC001,OP1001,1,0,0.0781,0,1,0,work
2025-05-03 16:37,EXC001,OP1001,1,0,0.0783,0,1,0,work
2025-05-03 16:38,EXC001,OP1001,1,0,0.0772,0,1,0,work
2025-05-03 16:39,EXC001,OP1001,1,0,0.0929,0,1,0,work
2025-05-03 16:40,EXC001,OP1001,1,0,0.0847,0,1,0,work
2025-05-03 16:41,EXC001,OP1001,1,0,0.0874,0,1,0,work
2025-05-03 16:42,EXC001,OP1001,1,0,0.0767,0,1,0,work
2025-05-03 16:43,EXC001,OP1001,1,0,0.0753,0,1,0,work
2025-05-03 16:44,EXC001,OP1001,1,0,0.0852,0,1,0,work
2025-05-03 16:45,EXC001,OP1001,1,0,0.0853,0,1,0,work
2025-05-03 16:46,EXC001,OP1001,1,0,0.0894,0,1,0,work
2025-05-03 16:47,EXC001,OP1001,1,0,0.0814,1,1,0,work
2025-05-03 16:48,EXC001,OP1001,1,0,0.0758,0,1,0,work
2025-05-03 16:49,EXC001,OP1001,1,0,0.0912,0,1,0,work
2025-05-03 16:50,EXC001,OP1001,1,0,0.095,0,1,0,work
2025-05-03 16:51,EXC001,OP1001,1,0,0.0892,0,1,0,work
2025-05-03 16:52,EXC001,OP1001,1,0,0.0825,0,1,0,work
2025-05-03 16:53,EXC001,OP1001,1,0,0.0891,0,1,0,work
2025-05-03 16:54,EXC001,OP1001,1,0,0.0773,0,1,0,work
2025-05-03 16:55,EXC001,OP1001,1,0,0.0806,1,1,0,work
2025-05-03 16:56,EXC001,OP1001,1,0,0.0819,1,1,0,work
2025-05-03 16:57,EXC001,OP1001,1,0,0.0915,0,1,0,work
2025-05-03 16:58,EXC001,OP1001,1,0,0.0906,0,1,0,work
2025-05-03 16:59,EXC001,OP1001,1,0,0.0883,1,1,0,work
2025-05-03 17:00,EXC001,OP1001,1,0,0.0858,1,1,0,work
2025-05-03 17:01,EXC001,OP1001,1,0,0.0782,1,1,0,work
2025-05-03 17:02,EXC001,OP1001,1,0,0.083,0,1,0,work
2025-05-03 17:03,EXC001,OP1001,1,0,0.0833,0,1,0,work
2025-05-03 17:04,EXC001,OP1001,1,0,0.0884,0,1,0,work
2025-05-03 17:05,EXC001,OP1001,1,0,0.0808,0,1,0,work
2025-05-03 17:06,EXC001,OP1001,1,0,0.0907,0,1,0,work
2025-05-03 17:07,EXC001,OP1001,1,0,0.0907,0,1,0,work
2025-05-03 17:08,EXC001,OP1001,1,0,0.0799,0,1,0,work
2025-05-03 17:09,EXC001,OP1001,1,0,0.0898,0,1,0,work
2025-05-03 17:10,EXC001,OP1001,1,0,0.0941,0,1,0,work
2025-05-03 17:11,EXC001,OP1001,1,0,0.0853,0,1,0,work
2025-05-03 17:12,EXC001,OP1001,1,0,0.0927,0,1,0,work
2025-05-03 17:13,EXC001,OP1001,1,0,0.0821,0,1,0,work
2025-05-03 17:14,EXC001,OP1001,1,0,0.0941,0,1,0,work
2025-05-03 17:15,EXC001,OP1001,1,0,0.0782,0,1,0,work
2025-05-03 17:16,EXC001,OP1001,1,0,0.0924,0,1,0,work
2025-05-03 17:17,EXC001,OP1001,1,0,0.0907,0,1,0,work
2025-05-03 17:18,EXC001,OP1001,1,0,0.077,0,1,0,work
2025-05-03 17:19,EXC001,OP1001,1,0,0.0817,0,1,0,work
2025-05-03 17:20,EXC001,OP1001,1,0,0.0783,0,1,0,work
2025-05-03 17:21,EXC001,OP1001,1,0,0.0772,1,1,0,work
2025-05-03 17:22,EXC001,OP1001,1,0,0.0876,0,1,0,work
2025-05-03 17:23,EXC001,OP1001,1,0,0.0829,1,1,0,work
2025-05-03 17:24,EXC001,OP1001,1,0,0.0933,1,1,0,work
2025-05-03 17:25,EXC001,OP1001,1,0,0.0771,0,1,0,work
2025-05-03 17:26,EXC001,OP1001,1,0,0.0828,0,1,0,work
2025-05-03 17:27,EXC001,OP1001,1,0,0.0919,0,1,0,work
2025-05-03 17:28,EXC001,OP1001,1,0,0.0927,0,1,0,work
2025-05-03 17:29,EXC001,OP1001,1,0,0.0771,0,1,0,work
2025-05-03 17:30,EXC001,OP1001,1,0,0.079,0,1,0,work
2025-05-03 17:31,EXC001,OP1001,1,0,0.0871,0,1,0,work
2025-05-03 17:32,EXC001,OP1001,1,0,0.0842,0,1,0,work
2025-05-03 17:33,EXC001,OP1001,1,0,0.0814,1,1,0,work
2025-05-03 17:34,EXC001,OP1001,1,0,0.0775,0,1,0,work
2025-05-03 17:35,EXC001,OP1001,1,0,0.095,0,1,0,work
2025-05-03 17:36,EXC001,OP1001,1,0,0.0848,0,1,0,work
2025-05-03 17:37,EXC001,OP1001,1,0,0.0853,1,1,0,work
2025-05-03 17:38,EXC001,OP1001,1,0,0.0751,1,1,0,work
2025-05-03 17:39,EXC001,OP1001,1,0,0.0819,1,1,0,work
2025-05-03 17:40,EXC001,OP1001,1,0,0.0879,0,1,0,work
2025-05-03 17:41,EXC001,OP1001,1,0,0.0889,0,1,0,work
2025-05-03 17:42,EXC001,OP1001,1,0,0.0836,0,1,0,work
2025-05-03 17:43,EXC001,OP1001,1,0,0.0792,0,1,0,work
2025-05-03 17:44,EXC001,OP1001,1,0,0.0875,1,1,0,work
2025-05-03 17:45,EXC001,OP1001,1,0,0.0936,0,1,0,work
2025-05-03 17:46,EXC001,OP1001,1,0,0.0934,0,1,0,work
2025-05-03 17:47,EXC001,OP1001,1,0,0.0931,0,1,0,work
2025-05-03 17:48,EXC001,OP1001,1,0,0.0887,0,0,0,work
2025-05-03 17:49,EXC001,OP1001,1,0,0.0893,1,1,0,work
2025-05-03 17:50,EXC001,OP1001,1,0,0.0805,0,1,0,work
2025-05-03 17:51,EXC001,OP1001,1,0,0.0923,0,1,0,work
2025-05-03 17:52,EXC001,OP1001,1,0,0.0819,0,1,0,work
2025-05-03 17:53,EXC001,OP1001,1,0,0.081,0,1,0,work
2025-05-03 17:54,EXC001,OP1001,1,0,0.0801,1,1,0,work
2025-05-03 17:55,EXC001,OP1001,1,0,0.0905,0,1,0,work
2025-05-03 17:56,EXC001,OP1001,1,0,0.0909,0,1,0,work
2025-05-03 17:57,EXC001,OP1001,1,0,0.0755,0,1,0,work
2025-05-03 17:58,EXC001,OP1001,1,0,0.0768,1,1,0,work
2025-05-03 17:59,EXC001,OP1001,1,0,0.0828,0,1,0,work
2025-05-04 08:00,EXC001,OP1001,0,0,0.0,0,1,0,off
2025-05-04 08:01,EXC001,OP1001,0,0,0.0,0,1,0,off
2025-05-04 08:02,EXC001,OP1001,0,0,0.0,0,1,0,off
2025-05-04 08:03,EXC001,OP1001,0,0,0.0,0,1,0,off
2025-05-04 08:04,EXC001,OP1001,0,0,0.0,0,1,0,off
2025-05-04 08:05,EXC001,OP1001,0,0,0.0,0,1,0,off
2025-05-04 08:06,EXC001,OP1001,0,0,0.0,0,1,0,off
2025-05-04 08:07,EXC001,OP1001,0,0,0.0,0,1,0,off
2025-05-04 08:08,EXC001,OP1001,0,0,0.0,0,1,0,off
2025-05-04 08:09,EXC001,OP1001,0,0,0.0,0,1,0,off
2025-05-04 08:10,EXC001,OP1001,0,0,0.0,0,1,0,off
2025-05-04 08:11,EXC001,OP1001,0,0,0.0,0,1,0,off
2025-05-04 08:12,EXC001,OP1001,0,0,0.0,0,1,0,off
2025-05-04 08:13,EXC001,OP1001,0,0,0.0,0,1,0,off
2025-05-04 08:14,EXC001,OP1001,0,0,0.0,0,1,0,off
2025-05-04 08:15,EXC001,OP1001,0,0,0.0,0,1,0,off
2025-05-04 08:16,EXC001,OP1001,0,0,0.0,0,1,0,off
2025-05-04 08:17,EXC001,OP1001,0,0,0.0,0,1,0,off
2025-05-04 08:18,EXC001,OP1001,0,0,0.0,0,1,0,off
2025-05-04 08:19,EXC001,OP1001,1,0,0.0909,0,1,0,work
2025-05-04 08:20,EXC001,OP1001,1,0,0.0777,1,1,0,work
2025-05-04 08:21,EXC001,OP1001,1,0,0.0804,1,1,0,work
2025-05-04 08:22,EXC001,OP1001,1,0,0.084,0,1,0,work
2025-05-04 08:23,EXC001,OP1001,1,0,0.0838,0,1,0,work
2025-05-04 08:24,EXC001,OP1001,1,0,0.0804,1,0,0,work
2025-05-04 08:25,EXC001,OP1001,1,0,0.0783,0,1,0,work
2025-05-04 08:26,EXC001,OP1001,1,0,0.0895,0,1,0,work
2025-05-04 08:27,EXC001,OP1001,1,0,0.0779,1,1,0,work
2025-05-04 08:28,EXC001,OP1001,1,0,0.0818,0,1,0,work
2025-05-04 08:29,EXC001,OP1001,1,0,0.0907,0,1,0,work
2025-05-04 08:30,EXC001,OP1001,1,0,0.0922,0,1,0,work
2025-05-04 08:31,EXC001,OP1001,1,0,0.0938,0,1,0,work
2025-05-04 08:32,EXC001,OP1001,1,0,0.0796,1,1,0,work
2025-05-04 08:33,EXC001,OP1001,1,0,0.0946,0,1,0,work
2025-05-04 08:34,EXC001,OP1001,1,0,0.0783,0,1,0,work
2025-05-04 08:35,EXC001,OP1001,1,0,0.0933,0,1,0,work
2025-05-04 08:36,EXC001,OP1001,1,0,0.087,0,1,0,work
2025-05-04 08:37,EXC001,OP1001,1,0,0.0753,0,1,0,work
2025-05-04 08:38,EXC001,OP1001,1,0,0.0928,1,1,0,work
2025-05-04 08:39,EXC001,OP1001,1,0,0.0758,0,1,0,work
2025-05-04 08:40,EXC001,OP1001,1,0,0.0915,0,1,0,work
2025-05-04 08:41,EXC001,OP1001,1,0,0.0866,0,1,0,work
2025-05-04 08:42,EXC001,OP1001,1,0,0.0863,0,1,0,work
2025-05-04 08:43,EXC001,OP1001,1,0,0.0883,0,1,0,work
2025-05-04 08:44,EXC001,OP1001,1,0,0.0939,0,1,0,work
2025-05-04 08:45,EXC001,OP1001,1,0,0.0869,1,1,0,work
2025-05-04 08:46,EXC001,OP1001,1,0,0.0852,1,1,0,work
2025-05-04 08:47,EXC001,OP1001,1,0,0.0878,0,1,0,work
2025-05-04 08:48,EXC001,OP1001,1,0,0.0945,0,1,0,work
2025-05-04 08:49,EXC001,OP1001,1,0,0.0903,0,1,0,work
2025-05-04 08:50,EXC001,OP1001,1,0,0.0874,1,1,0,work
2025-05-04 08:51,EXC001,OP1001,1,0,0.0775,1,1,0,work
2025-05-04 08:52,EXC001,OP1001,1,0,0.0866,0,1,0,work
2025-05-04 08:53,EXC001,OP1001,1,0,0.0862,0,1,0,work
2025-05-04 08:54,EXC001,OP1001,1,0,0.0943,1,1,0,work
2025-05-04 08:55,EXC001,OP1001,1,0,0.0841,0,1,0,work
2025-05-04 08:56,EXC001,OP1001,1,0,0.089,0,1,0,work
2025-05-04 08:57,EXC001,OP1001,1,0,0.0827,1,1,0,work
2025-05-04 08:58,EXC001,OP1001,1,0,0.0889,0,1,0,work
2025-05-04 08:59,EXC001,OP1001,1,0,0.0916,0,1,0,work
2025-05-04 09:00,EXC001,OP1001,1,0,0.0947,1,1,0,work
2025-05-04 09:01,EXC001,OP1001,1,0,0.0926,0,1,0,work
2025-05-04 09:02,EXC001,OP1001,1,0,0.0753,1,1,0,work
2025-05-04 09:03,EXC001,OP1001,1,0,0.0754,0,1,0,work
2025-05-04 09:04,EXC001,OP1001,1,0,0.0764,0,1,0,work
2025-05-04 09:05,EXC001,OP1001,1,0,0.091,0,1,0,work
2025-05-04 09:06,EXC001,OP1001,1,0,0.0928,0,1,0,work
2025-05-04 09:07,EXC001,OP1001,1,0,0.0853,0,1,0,work
2025-05-04 09:08,EXC001,OP1001,1,0,0.0894,1,1,0,work
2025-05-04 09:09,EXC001,OP1001,1,0,0.0813,0,1,0,work
2025-05-04 09:10,EXC001,OP1001,1,0,0.0806,0,1,0,work
2025-05-04 09:11,EXC001,OP1001,1,0,0.0764,0,1,1,work
2025-05-04 09:12,EXC001,OP1001,1,0,0.0837,0,1,0,work
2025-05-04 09:13,EXC001,OP1001,1,0,0.0763,0,1,0,work
2025-05-04 09:14,EXC001,OP1001,1,0,0.0834,1,1,0,work
2025-05-04 09:15,EXC001,OP1001,1,0,0.082,0,1,0,work
2025-05-04 09:16,EXC001,OP1001,1,0,0.0808,0,1,0,work
2025-05-04 09:17,EXC001,OP1001,1,0,0.0826,1,1,0,work
2025-05-04 09:18,EXC001,OP1001,1,0,0.0939,1,1,0,work
2025-05-04 09:19,EXC001,OP1001,1,0,0.0882,1,1,0,work
2025-05-04 09:20,EXC001,OP1001,1,0,0.0925,1,1,0,work
2025-05-04 09:21,EXC001,OP1001,1,0,0.0889,0,1,0,work
2025-05-04 09:22,EXC001,OP1001,1,0,0.0797,1,1,0,work
2025-05-04 09:23,EXC001,OP1001,1,0,0.0876,0,1,0,work
2025-05-04 09:24,EXC001,OP1001,1,0,0.086,0,1,0,work
2025-05-04 09:25,EXC001,OP1001,1,0,0.0909,0,1,0,work
2025-05-04 09:26,EXC001,OP1001,1,0,0.0894,0,1,0,work
2025-05-04 09:27,EXC001,OP1001,1,0,0.0896,1,1,0,work
2025-05-04 09:28,EXC001,OP1001,1,0,0.0821,0,1,0,work
2025-05-04 09:29,EXC001,OP1001,1,0,0.0871,0,1,0,work
2025-05-04 09:30,EXC001,OP1001,1,0,0.0895,0,1,0,work
2025-05-04 09:31,EXC001,OP1001,1,0,0.086,0,1,0,work
2025-05-04 09:32,EXC001,OP1001,1,0,0.0771,1,1,0,work
2025-05-04 09:33,EXC001,OP1001,1,0,0.0803,0,1,0,work
2025-05-04 09:34,EXC001,OP1001,1,0,0.0864,0,1,0,work
2025-05-04 09:35,EXC001,OP1001,1,0,0.0927,1,1,0,work
2025-05-04 09:36,EXC001,OP1001,1,0,0.0792,0,1,0,work
2025-05-04 09:37,EXC001,OP1001,1,0,0.0925,0,1,0,work
2025-05-04 09:38,EXC001,OP1001,1,0,0.0851,0,1,0,work
2025-05-04 09:39,EXC001,OP1001,1,0,0.0814,0,1,0,work
2025-05-04 09:40,EXC001,OP1001,1,0,0.0905,0,1,0,work
2025-05-04 09:41,EXC001,OP1001,1,0,0.0893,0,1,0,work
2025-05-04 09:42,EXC001,OP1001,1,0,0.0938,0,1,0,work
2025-05-04 09:43,EXC001,OP1001,1,0,0.0919,0,1,0,work
2025-05-04 09:44,EXC001,OP1001,1,0,0.0892,0,1,1,work
2025-05-04 09:45,EXC001,OP1001,1,0,0.0796,0,1,0,work
2025-05-04 09:46,EXC001,OP1001,1,0,0.0914,0,1,0,work
2025-05-04 09:47,EXC001,OP1001,1,0,0.0949,0,1,0,work
2025-05-04 09:48,EXC001,OP1001,1,0,0.0849,0,1,0,work
2025-05-04 09:49,EXC001,OP1001,1,0,0.0874,0,1,0,work
2025-05-04 09:50,EXC001,OP1001,1,0,0.0898,0,0,0,work
2025-05-04 09:51,EXC001,OP1001,1,0,0.0906,0,1,0,work
2025-05-04 09:52,EXC001,OP1001,1,0,0.0837,0,1,0,work
2025-05-04 09:53,EXC001,OP1001,1,0,0.0939,0,1,0,work
2025-05-04 09:54,EXC001,OP1001,1,0,0.0761,0,1,1,work
2025-05-04 09:55,EXC001,OP1001,1,0,0.093,1,1,0,work
2025-05-04 09:56,EXC001,OP1001,1,0,0.0822,0,1,0,work
2025-05-04 09:57,EXC001,OP1001,1,0,0.0949,0,1,0,work
2025-05-04 09:58,EXC001,OP1001,1,0,0.0836,0,1,0,work
2025-05-04 09:59,EXC001,OP1001,1,0,0.0803,0,1,0,work
2025-05-04 10:00,EXC001,OP1001,1,0,0.0926,0,1,0,work
2025-05-04 10:01,EXC001,OP1001,1,0,0.0923,0,1,0,work
2025-05-04 10:02,EXC001,OP1001,1,0,0.0789,0,1,0,work
2025-05-04 10:03,EXC001,OP1001,1,0,0.0894,0,1,0,work
2025-05-04 10:04,EXC001,OP1001,1,0,0.0754,0,1,0,work
2025-05-04 10:05,EXC001,OP1001,1,0,0.0804,0,1,0,work
2025-05-04 10:06,EXC001,OP1001,1,0,0.0762,1,1,0,work
2025-05-04 10:07,EXC001,OP1001,1,0,0.0794,0,1,0,work
2025-05-04 10:08,EXC001,OP1001,1,0,0.0934,0,1,0,work
2025-05-04 10:09,EXC001,OP1001,1,0,0.0864,0,1,0,work
2025-05-04 10:10,EXC001,OP1001,1,0,0.0841,1,0,0,work
2025-05-04 10:11,EXC001,OP1001,1,0,0.086,0,1,0,work
2025-05-04 10:12,EXC001,OP1001,1,0,0.095,0,1,0,work
2025-05-04 10:13,EXC001,OP1001,1,0,0.0926,0,1,0,work
2025-05-04 10:14,EXC001,OP1001,1,0,0.0773,0,1,0,work
2025-05-04 10:15,EXC001,OP1001,1,0,0.0754,0,1,0,work
2025-05-04 10:16,EXC001,OP1001,1,0,0.0838,0,1,0,work
2025-05-04 10:17,EXC001,OP1001,1,0,0.0896,0,1,0,work
2025-05-04 10:18,EXC001,OP1001,1,0,0.0848,0,1,0,work
2025-05-04 10:19,EXC001,OP1001,1,0,0.0911,1,1,0,work
2025-05-04 10:20,EXC001,OP1001,1,0,0.0887,0,1,0,work
2025-05-04 10:21,EXC001,OP1001,1,0,0.082,0,1,0,work
2025-05-04 10:22,EXC001,OP1001,1,0,0.093,1,1,0,work
2025-05-04 10:23,EXC001,OP1001,1,0,0.0771,0,1,0,work
2025-05-04 10:24,EXC001,OP1001,1,0,0.0799,0,1,0,work
2025-05-04 10:25,EXC001,OP1001,1,0,0.0815,0,1,0,work
2025-05-04 10:26,EXC001,OP1001,1,0,0.0941,1,1,0,work
2025-05-04 10:27,EXC001,OP1001,1,0,0.0838,1,1,0,work
2025-05-04 10:28,EXC001,OP1001,1,0,0.0859,0,1,0,work
2025-05-04 10:29,EXC001,OP1001,1,0,0.0755,0,1,0,work
2025-05-04 10:30,EXC001,OP1001,1,0,0.0754,0,1,0,work
2025-05-04 10:31,EXC001,OP1001,1,0,0.0784,1,1,0,work
2025-05-04 10:32,EXC001,OP1001,1,0,0.0917,0,1,0,work
2025-05-04 10:33,EXC001,OP1001,1,0,0.0925,1,1,0,work
2025-05-04 10:34,EXC001,OP1001,1,0,0.089,0,1,0,work
2025-05-04 10:35,EXC001,OP1001,1,0,0.0808,0,1,0,work
2025-05-04 10:36,EXC001,OP1001,1,0,0.0753,0,1,0,work
2025-05-04 10:37,EXC001,OP1001,1,0,0.0934,0,1,0,work
2025-05-04 10:38,EXC001,OP1001,1,0,0.0769,0,1,0,work
2025-05-04 10:39,EXC001,OP1001,1,0,0.0796,0,1,0,work
2025-05-04 10:40,EXC001,OP1001,1,0,0.0823,0,1,0,work
2025-05-04 10:41,EXC001,OP1001,1,0,0.0809,0,1,0,work
2025-05-04 10:42,EXC001,OP1001,1,0,0.0881,0,1,0,work
2025-05-04 10:43,EXC001,OP1001,1,0,0.0871,0,1,0,work
2025-05-04 10:44,EXC001,OP1001,1,0,0.0871,0,1,0,work
2025-05-04 10:45,EXC001,OP1001,1,0,0.08,0,1,0,work
2025-05-04 10:46,EXC001,OP1001,1,0,0.0895,0,1,0,work
2025-05-04 10:47,EXC001,OP1001,1,0,0.0802,0,1,0,work
2025-05-04 10:48,EXC001,OP1001,1,0,0.0799,0,1,0,work
2025-05-04 10:49,EXC001,OP1001,1,0,0.0864,0,1,0,work
2025-05-04 10:50,EXC001,OP1001,1,0,0.0798,0,1,0,work
2025-05-04 10:51,EXC001,OP1001,1,0,0.0792,0,1,0,work
2025-05-04 10:52,EXC001,OP1001,1,0,0.0803,0,0,0,work
2025-05-04 10:53,EXC001,OP1001,1,0,0.0915,0,1,0,work
2025-05-04 10:54,EXC001,OP1001,1,0,0.0837,0,1,0,work
2025-05-04 10:55,EXC001,OP1001,1,0,0.0925,0,1,0,work
2025-05-04 10:56,EXC001,OP1001,1,0,0.0901,1,1,0,work
2025-05-04 10:57,EXC001,OP1001,1,0,0.0902,0,1,0,work
2025-05-04 10:58,EXC001,OP1001,1,0,0.0903,0,1,0,work
2025-05-04 10:59,EXC001,OP1001,1,0,0.082,0,1,0,work
2025-05-04 11:00,EXC001,OP1001,1,0,0.0906,0,1,0,work
2025-05-04 11:01,EXC001,OP1001,1,0,0.0777,0,1,0,work
2025-05-04 11:02,EXC001,OP1001,1,0,0.0762,0,1,1,work
2025-05-04 11:03,EXC001,OP1001,1,0,0.0878,1,1,0,work
2025-05-04 11:04,EXC001,OP1001,1,0,0.0873,0,1,0,work
2025-05-04 11:05,EXC001,OP1001,1,0,0.085,1,1,0,work
2025-05-04 11:06,EXC001,OP1001,1,0,0.0786,0,1,0,work
2025-05-04 11:07,EXC001,OP1001,1,0,0.0856,0,1,0,work
2025-05-04 11:08,EXC001,OP1001,1,0,0.0832,1,1,0,work
2025-05-04 11:09,EXC001,OP1001,1,0,0.0817,1,1,0,work
2025-05-04 11:10,EXC001,OP1001,1,0,0.0764,0,1,0,work
2025-05-04 11:11,EXC001,OP1001,1,0,0.0847,1,1,0,work
2025-05-04 11:12,EXC001,OP1001,1,0,0.0818,1,1,0,work
2025-05-04 11:13,EXC001,OP1001,1,0,0.0845,0,1,0,work
2025-05-04 11:14,EXC001,OP1001,1,0,0.0773,1,1,0,work
2025-05-04 11:15,EXC001,OP1001,1,0,0.0775,0,1,0,work
2025-05-04 11:16,EXC001,OP1001,1,0,0.0857,0,1,0,work
2025-05-04 11:17,EXC001,OP1001,1,0,0.0883,0,1,0,work
2025-05-04 11:18,EXC001,OP1001,1,0,0.0791,1,1,0,work
2025-05-04 11:19,EXC001,OP1001,1,0,0.0886,0,1,0,work
2025-05-04 11:20,EXC001,OP1001,1,0,0.0928,0,1,0,work
2025-05-04 11:21,EXC001,OP1001,1,0,0.0915,1,1,0,work
2025-05-04 11:22,EXC001,OP1001,1,0,0.0883,1,1,0,work
2025-05-04 11:23,EXC001,OP1001,1,0,0.0924,0,1,0,work
2025-05-04 11:24,EXC001,OP1001,1,0,0.0928,1,1,0,work
2025-05-04 11:25,EXC001,OP1001,1,0,0.0817,0,1,0,work
2025-05-04 11:26,EXC001,OP1001,1,0,0.0894,1,1,0,work
2025-05-04 11:27,EXC001,OP1001,1,0,0.0897,0,1,0,work
2025-05-04 11:28,EXC001,OP1001,1,0,0.0761,0,1,0,work
2025-05-04 11:29,EXC001,OP1001,1,0,0.0898,0,1,0,work
2025-05-04 11:30,EXC001,OP1001,1,0,0.0843,0,1,0,work
2025-05-04 11:31,EXC001,OP1001,1,0,0.0814,0,1,0,work
2025-05-04 11:32,EXC001,OP1001,1,0,0.0852,0,1,0,work
2025-05-04 11:33,EXC001,OP1001,1,0,0.0929,0,1,0,work
2025-05-04 11:34,EXC001,OP1001,1,0,0.0799,0,1,1,work
2025-05-04 11:35,EXC001,OP1001,1,0,0.0754,0,1,0,work
2025-05-04 11:36,EXC001,OP1001,1,0,0.0934,0,1,0,work
2025-05-04 11:37,EXC001,OP1001,1,0,0.0845,0,1,0,work
2025-05-04 11:38,EXC001,OP1001,1,0,0.0754,0,1,0,work
2025-05-04 11:39,EXC001,OP1001,1,0,0.0794,0,1,0,work
2025-05-04 11:40,EXC001,OP1001,1,0,0.0845,0,1,0,work
2025-05-04 11:41,EXC001,OP1001,1,0,0.0885,0,1,0,work
2025-05-04 11:42,EXC001,OP1001,1,0,0.0822,0,1,0,work
2025-05-04 11:43,EXC001,OP1001,1,0,0.0811,0,1,0,work
2025-05-04 11:44,EXC001,OP1001,1,0,0.0942,0,1,0,work
2025-05-04 11:45,EXC001,OP1001,1,0,0.0766,0,1,0,work
2025-05-04 11:46,EXC001,OP1001,1,0,0.0948,1,1,0,work
2025-05-04 11:47,EXC001,OP1001,1,0,0.0858,1,1,0,work
2025-05-04 11:48,EXC001,OP1001,1,0,0.0927,0,1,0,work
2025-05-04 11:49,EXC001,OP1001,1,0,0.0898,0,1,0,work
2025-05-04 11:50,EXC001,OP1001,1,0,0.0818,0,1,0,work
2025-05-04 11:51,EXC001,OP1001,1,0,0.0906,0,1,0,work
2025-05-04 11:52,EXC001,OP1001,1,0,0.0756,0,1,0,work
2025-05-04 11:53,EXC001,OP1001,1,0,0.0835,1,1,0,work
2025-05-04 11:54,EXC001,OP1001,1,0,0.0867,0,1,0,work
2025-05-04 11:55,EXC001,OP1001,1,0,0.0835,0,1,0,work
2025-05-04 11:56,EXC001,OP1001,1,0,0.0804,0,1,0,work
2025-05-04 11:57,EXC001,OP1001,1,0,0.0814,0,1,0,work
2025-05-04 11:58,EXC001,OP1001,1,0,0.0945,0,1,0,work
2025-05-04 11:59,EXC001,OP1001,1,0,0.0787,0,1,0,work
2025-05-04 12:00,EXC001,OP1001,1,0,0.0759,0,1,0,work
2025-05-04 12:01,EXC001,OP1001,1,0,0.0852,0,1,0,work
2025-05-04 12:02,EXC001,OP1001,1,0,0.0902,0,1,0,work
2025-05-04 12:03,EXC001,OP1001,1,0,0.0898,1,1,0,work
2025-05-04 12:04,EXC001,OP1001,1,0,0.0916,0,1,0,work
2025-05-04 12:05,EXC001,OP1001,1,0,0.0925,0,1,0,work
2025-05-04 12:06,EXC001,OP1001,1,0,0.0866,0,1,0,work
2025-05-04 12:07,EXC001,OP1001,1,0,0.0824,0,1,0,work
2025-05-04 12:08,EXC001,OP1001,1,0,0.092,0,1,0,work
2025-05-04 12:09,EXC001,OP1001,1,0,0.0838,0,1,0,work
2025-05-04 12:10,EXC001,OP1001,1,0,0.078,0,1,0,work
2025-05-04 12:11,EXC001,OP1001,1,0,0.0916,1,1,0,work
2025-05-04 12:12,EXC001,OP1001,1,0,0.0894,1,1,0,work
2025-05-04 12:13,EXC001,OP1001,1,0,0.0856,0,1,0,work
2025-05-04 12:14,EXC001,OP1001,1,0,0.0765,1,1,0,work
2025-05-04 12:15,EXC001,OP1001,1,0,0.0878,0,1,0,work
2025-05-04 12:16,EXC001,OP1001,1,0,0.0808,0,1,0,work
2025-05-04 12:17,EXC001,OP1001,1,0,0.0892,0,1,1,work
2025-05-04 12:18,EXC001,OP1001,1,0,0.0858,0,1,0,work
2025-05-04 12:19,EXC001,OP1001,1,0,0.0789,0,1,0,work
2025-05-04 12:20,EXC001,OP1001,1,0,0.0931,0,1,0,work
2025-05-04 12:21,EXC001,OP1001,1,0,0.0769,1,1,0,work
2025-05-04 12:22,EXC001,OP1001,1,0,0.0858,1,1,0,work
2025-05-04 12:23,EXC001,OP1001,1,0,0.0911,0,1,0,work
2025-05-04 12:24,EXC001,OP1001,1,0,0.0778,0,1,0,work
2025-05-04 12:25,EXC001,OP1001,1,0,0.0785,0,1,0,work
2025-05-04 12:26,EXC001,OP1001,1,0,0.0904,0,1,0,work
2025-05-04 12:27,EXC001,OP1001,1,0,0.0944,1,1,1,work
2025-05-04 12:28,EXC001,OP1001,1,0,0.0876,0,1,0,work
2025-05-04 12:29,EXC001,OP1001,1,0,0.0901,0,1,0,work
2025-05-04 12:30,EXC001,OP1001,1,0,0.0844,0,1,0,work
2025-05-04 12:31,EXC001,OP1001,1,0,0.0869,0,1,0,work
2025-05-04 12:32,EXC001,OP1001,1,0,0.0936,0,1,0,work
2025-05-04 12:33,EXC001,OP1001,1,0,0.0827,0,1,0,work
2025-05-04 12:34,EXC001,OP1001,1,0,0.0833,0,1,0,work
2025-05-04 12:35,EXC001,OP1001,1,0,0.0796,0,1,0,work
2025-05-04 12:36,EXC001,OP1001,1,0,0.0828,0,1,0,work
2025-05-04 12:37,EXC001,OP1001,1,0,0.0752,0,1,0,work
2025-05-04 12:38,EXC001,OP1001,1,0,0.0818,0,1,0,work
2025-05-04 12:39,EXC001,OP1001,1,0,0.0943,0,1,0,work
2025-05-04 12:40,EXC001,OP1001,1,0,0.0948,0,1,0,work
2025-05-04 12:41,EXC001,OP1001,1,0,0.0905,0,1,0,work
2025-05-04 12:42,EXC001,OP1001,1,0,0.0829,0,1,0,work
2025-05-04 12:43,EXC001,OP1001,1,0,0.0933,0,1,0,work
2025-05-04 12:44,EXC001,OP1001,1,0,0.0912,0,1,0,work
2025-05-04 12:45,EXC001,OP1001,1,0,0.0934,0,1,0,work
2025-05-04 12:46,EXC001,OP1001,1,0,0.0925,1,1,0,work
2025-05-04 12:47,EXC001,OP1001,1,0,0.0934,0,1,0,work
2025-05-04 12:48,EXC001,OP1001,1,0,0.0755,0,1,0,work
2025-05-04 12:49,EXC001,OP1001,1,0,0.075,0,1,0,work
2025-05-04 12:50,EXC001,OP1001,1,0,0.0778,1,1,0,work
2025-05-04 12:51,EXC001,OP1001,1,0,0.0922,0,1,0,work
2025-05-04 12:52,EXC001,OP1001,1,0,0.0948,0,1,0,work
2025-05-04 12:53,EXC001,OP1001,1,0,0.0932,0,1,0,work
2025-05-04 12:54,EXC001,OP1001,1,0,0.0903,0,1,0,work
2025-05-04 12:55,EXC001,OP1001,1,0,0.0763,0,1,0,work
2025-05-04 12:56,EXC001,OP1001,1,0,0.088,0,1,0,work
2025-05-04 12:57,EXC001,OP1001,1,0,0.079,0,1,0,work
2025-05-04 12:58,EXC001,OP1001,1,0,0.0868,1,1,0,work
2025-05-04 12:59,EXC001,OP1001,1,0,0.0804,0,1,0,work
2025-05-04 13:00,EXC001,OP1001,1,0,0.0835,1,1,0,work
2025-05-04 13:01,EXC001,OP1001,1,0,0.0924,0,1,0,work
2025-05-04 13:02,EXC001,OP1001,1,0,0.0863,0,1,0,work
2025-05-04 13:03,EXC001,OP1001,1,0,0.0769,0,1,0,work
2025-05-04 13:04,EXC001,OP1001,1,0,0.0936,0,1,0,work
2025-05-04 13:05,EXC001,OP1001,1,0,0.0774,1,1,0,work
2025-05-04 13:06,EXC001,OP1001,1,0,0.0923,0,1,1,work
2025-05-04 13:07,EXC001,OP1001,1,0,0.0923,0,1,0,work
2025-05-04 13:08,EXC001,OP1001,1,0,0.0786,0,1,0,work
2025-05-04 13:09,EXC001,OP1001,1,0,0.0893,0,1,0,work
2025-05-04 13:10,EXC001,OP1001,1,0,0.0841,0,1,0,work
2025-05-04 13:11,EXC001,OP1001,1,0,0.0794,0,1,0,work
2025-05-04 13:12,EXC001,OP1001,1,0,0.0942,0,1,0,work
2025-05-04 13:13,EXC001,OP1001,1,0,0.0795,0,1,0,work
2025-05-04 13:14,EXC001,OP1001,1,0,0.0901,0,1,0,work
2025-05-04 13:15,EXC001,OP1001,1,0,0.0832,1,1,0,work
2025-05-04 13:16,EXC001,OP1001,1,0,0.0906,0,1,0,work
2025-05-04 13:17,EXC001,OP1001,1,0,0.0781,0,1,0,work
2025-05-04 13:18,EXC001,OP1001,1,0,0.0772,0,1,0,work
2025-05-04 13:19,EXC001,OP1001,1,0,0.0895,0,1,0,work
2025-05-04 13:20,EXC001,OP1001,1,0,0.0796,1,1,0,work
2025-05-04 13:21,EXC001,OP1001,1,0,0.0824,0,1,0,work
2025-05-04 13:22,EXC001,OP1001,1,0,0.0852,0,1,0,work
2025-05-04 13:23,EXC001,OP1001,1,0,0.081,0,1,0,work
2025-05-04 13:24,EXC001,OP1001,1,0,0.0862,1,1,0,work
2025-05-04 13:25,EXC001,OP1001,1,0,0.0943,1,1,0,work
2025-05-04 13:26,EXC001,OP1001,1,0,0.0846,0,1,0,work
2025-05-04 13:27,EXC001,OP1001,1,0,0.0941,1,1,0,work
2025-05-04 13:28,EXC001,OP1001,1,0,0.0911,0,1,0,work
2025-05-04 13:29,EXC001,OP1001,1,0,0.0894,1,1,0,work
2025-05-04 13:30,EXC001,OP1001,1,0,0.0849,0,1,0,work
2025-05-04 13:31,EXC001,OP1001,1,0,0.0944,0,1,0,work
2025-05-04 13:32,EXC001,OP1001,0,0,0.0,0,1,0,off
2025-05-04 13:33,EXC001,OP1001,0,0,0.0,0,1,0,off
2025-05-04 13:34,EXC001,OP1001,0,0,0.0,0,1,0,off
2025-05-04 13:35,EXC001,OP1001,0,0,0.0,0,1,0,off
2025-05-04 13:36,EXC001,OP1001,0,0,0.0,0,1,0,off
2025-05-04 13:37,EXC001,OP1001,0,0,0.0,0,1,0,off
2025-05-04 13:38,EXC001,OP1001,0,0,0.0,0,1,0,off
2025-05-04 13:39,EXC001,OP1001,0,0,0.0,0,1,0,off
2025-05-04 13:40,EXC001,OP1001,0,0,0.0,0,1,0,off
2025-05-04 13:41,EXC001,OP1001,0,0,0.0,0,1,0,off
2025-05-04 13:42,EXC001,OP1001,0,0,0.0,0,1,0,off
2025-05-04 13:43,EXC001,OP1001,0,0,0.0,0,1,0,off
2025-05-04 13:44,EXC001,OP1001,0,0,0.0,0,1,0,off
2025-05-04 13:45,EXC001,OP1001,0,0,0.0,0,1,0,off
2025-05-04 13:46,EXC001,OP1001,0,0,0.0,0,1,0,off
2025-05-04 13:47,EXC001,OP1001,0,0,0.0,0,1,0,off
2025-05-04 13:48,EXC001,OP1001,0,0,0.0,0,1,0,off
2025-05-04 13:49,EXC001,OP1001,0,0,0.0,0,1,0,off
2025-05-04 13:50,EXC001,OP1001,0,0,0.0,0,1,0,off
2025-05-04 13:51,EXC001,OP1001,0,0,0.0,0,1,0,off
2025-05-04 13:52,EXC001,OP1001,0,0,0.0,0,1,0,off
2025-05-04 13:53,EXC001,OP1001,0,0,0.0,0,1,0,off
2025-05-04 13:54,EXC001,OP1001,0,0,0.0,0,1,0,off
2025-05-04 13:55,EXC001,OP1001,0,0,0.0,0,1,0,off
2025-05-04 13:56,EXC001,OP1001,0,0,0.0,0,1,0,off
2025-05-04 13:57,EXC001,OP1001,0,0,0.0,0,1,0,off
2025-05-04 13:58,EXC001,OP1001,1,0,0.0832,1,1,0,work
2025-05-04 13:59,EXC001,OP1001,1,0,0.0771,0,1,0,work
2025-05-04 14:00,EXC001,OP1001,1,0,0.077,1,1,0,work
2025-05-04 14:01,EXC001,OP1001,1,0,0.0934,1,1,0,work
2025-05-04 14:02,EXC001,OP1001,1,0,0.0903,0,1,0,work
2025-05-04 14:03,EXC001,OP1001,1,0,0.0925,0,1,0,work
2025-05-04 14:04,EXC001,OP1001,1,0,0.0797,0,1,0,work
2025-05-04 14:05,EXC001,OP1001,1,0,0.093,0,1,0,work
2025-05-04 14:06,EXC001,OP1001,1,0,0.0822,1,1,0,work
2025-05-04 14:07,EXC001,OP1001,1,0,0.0818,0,1,0,work
2025-05-04 14:08,EXC001,OP1001,1,0,0.0889,0,1,0,work
2025-05-04 14:09,EXC001,OP1001,1,0,0.0756,0,1,0,work
2025-05-04 14:10,EXC001,OP1001,1,0,0.0843,1,1,0,work
2025-05-04 14:11,EXC001,OP1001,1,0,0.0862,0,1,0,work
2025-05-04 14:12,EXC001,OP1001,1,0,0.0787,0,1,0,work
2025-05-04 14:13,EXC001,OP1001,1,0,0.0811,0,1,0,work
2025-05-04 14:14,EXC001,OP1001,1,0,0.0898,0,1,0,work
2025-05-04 14:15,EXC001,OP1001,1,0,0.0842,0,1,0,work
2025-05-04 14:16,EXC001,OP1001,1,0,0.0837,1,1,0,work
2025-05-04 14:17,EXC001,OP1001,1,0,0.0948,1,1,0,work
2025-05-04 14:18,EXC001,OP1001,1,0,0.0808,0,1,0,work
2025-05-04 14:19,EXC001,OP1001,1,0,0.0826,0,1,0,work
2025-05-04 14:20,EXC001,OP1001,1,0,0.0915,1,1,0,work
2025-05-04 14:21,EXC001,OP1001,1,0,0.082,0,1,0,work
2025-05-04 14:22,EXC001,OP1001,1,0,0.0937,0,1,0,work
2025-05-04 14:23,EXC001,OP1001,1,0,0.0789,0,1,0,work
2025-05-04 14:24,EXC001,OP1001,1,0,0.085,0,1,0,work
2025-05-04 14:25,EXC001,OP1001,1,0,0.0804,0,1,0,work
2025-05-04 14:26,EXC001,OP1001,1,0,0.0815,0,1,0,work
2025-05-04 14:27,EXC001,OP1001,1,0,0.0888,1,1,0,work
2025-05-04 14:28,EXC001,OP1001,1,0,0.0751,0,1,0,work
2025-05-04 14:29,EXC001,OP1001,1,0,0.0837,0,1,0,work
2025-05-04 14:30,EXC001,OP1001,1,0,0.0861,0,1,0,work
2025-05-04 14:31,EXC001,OP1001,1,0,0.0906,0,1,0,work
2025-05-04 14:32,EXC001,OP1001,1,0,0.0845,0,1,0,work
2025-05-04 14:33,EXC001,OP1001,1,0,0.0847,0,1,0,work
2025-05-04 14:34,EXC001,OP1001,1,0,0.087,0,1,0,work
2025-05-04 14:35,EXC001,OP1001,1,0,0.0897,1,1,0,work
2025-05-04 14:36,EXC001,OP1001,1,0,0.0905,0,1,0,work
2025-05-04 14:37,EXC001,OP1001,1,0,0.0751,1,1,0,work
2025-05-04 14:38,EXC001,OP1001,1,0,0.0774,0,1,0,work
2025-05-04 14:39,EXC001,OP1001,1,0,0.0869,1,1,0,work
2025-05-04 14:40,EXC001,OP1001,1,0,0.0854,1,1,0,work
2025-05-04 14:41,EXC001,OP1001,1,0,0.0795,0,1,0,work
2025-05-04 14:42,EXC001,OP1001,1,0,0.0858,0,1,0,work
2025-05-04 14:43,EXC001,OP1001,1,0,0.093,1,1,0,work
2025-05-04 14:44,EXC001,OP1001,1,0,0.0872,0,1,0,work
2025-05-04 14:45,EXC001,OP1001,1,0,0.0811,0,1,0,work
2025-05-04 14:46,EXC001,OP1001,1,0,0.0797,0,1,0,work
2025-05-04 14:47,EXC001,OP1001,1,0,0.0917,0,1,0,work
2025-05-04 14:48,EXC001,OP1001,1,0,0.0838,0,1,0,work
2025-05-04 14:49,EXC001,OP1001,1,0,0.0761,0,1,0,work
2025-05-04 14:50,EXC001,OP1001,1,0,0.0841,1,1,0,work
2025-05-04 14:51,EXC001,OP1001,1,0,0.0875,0,1,0,work
2025-05-04 14:52,EXC001,OP1001,1,0,0.085,0,1,0,work
2025-05-04 14:53,EXC001,OP1001,1,0,0.077,0,1,0,work
2025-05-04 14:54,EXC001,OP1001,1,0,0.0827,0,1,0,work
2025-05-04 14:55,EXC001,OP1001,1,0,0.0937,0,1,0,work
2025-05-04 14:56,EXC001,OP1001,1,0,0.0866,0,1,0,work
2025-05-04 14:57,EXC001,OP1001,1,0,0.0872,1,1,0,work
2025-05-04 14:58,EXC001,OP1001,1,0,0.0783,0,1,0,work
2025-05-04 14:59,EXC001,OP1001,1,0,0.0862,0,1,0,work
2025-05-04 15:00,EXC001,OP1001,1,0,0.0764,0,1,0,work
2025-05-04 15:01,EXC001,OP1001,1,0,0.0936,0,1,0,work
2025-05-04 15:02,EXC001,OP1001,1,0,0.0936,0,1,0,work
2025-05-04 15:03,EXC001,OP1001,1,0,0.0854,0,1,0,work
2025-05-04 15:04,EXC001,OP1001,1,0,0.0843,0,1,0,work
2025-05-04 15:05,EXC001,OP1001,1,0,0.0767,0,1,0,work
2025-05-04 15:06,EXC001,OP1001,1,0,0.0903,0,1,0,work
2025-05-04 15:07,EXC001,OP1001,1,0,0.0798,0,1,0,work
2025-05-04 15:08,EXC001,OP1001,1,0,0.0773,0,1,0,work
2025-05-04 15:09,EXC001,OP1001,1,0,0.0886,0,1,0,work
2025-05-04 15:10,EXC001,OP1001,1,0,0.0794,0,1,0,work
2025-05-04 15:11,EXC001,OP1001,1,0,0.0929,1,1,0,work
2025-05-04 15:12,EXC001,OP1001,1,0,0.0889,1,1,0,work
2025-05-04 15:13,EXC001,OP1001,1,0,0.0861,0,1,0,work
2025-05-04 15:14,EXC001,OP1001,1,0,0.0774,0,1,0,work
2025-05-04 15:15,EXC001,OP1001,1,0,0.0813,0,1,0,work
2025-05-04 15:16,EXC001,OP1001,1,0,0.0852,0,1,0,work
2025-05-04 15:17,EXC001,OP1001,1,0,0.0902,0,1,0,work
2025-05-04 15:18,EXC001,OP1001,1,0,0.0813,0,1,0,work
2025-05-04 15:19,EXC001,OP1001,1,0,0.0776,0,1,0,work
2025-05-04 15:20,EXC001,OP1001,1,0,0.0809,0,1,0,work
2025-05-04 15:21,EXC001,OP1001,1,0,0.0932,1,1,0,work
2025-05-04 15:22,EXC001,OP1001,1,0,0.0764,0,1,0,work
2025-05-04 15:23,EXC001,OP1001,1,0,0.0798,0,1,0,work
2025-05-04 15:24,EXC001,OP1001,1,0,0.0858,0,1,0,work
2025-05-04 15:25,EXC001,OP1001,1,0,0.0912,0,1,0,work
2025-05-04 15:26,EXC001,OP1001,1,0,0.0817,1,1,0,work
2025-05-04 15:27,EXC001,OP1001,1,0,0.0918,0,1,0,work
2025-05-04 15:28,EXC001,OP1001,1,0,0.0901,0,1,0,work
2025-05-04 15:29,EXC001,OP1001,1,0,0.0751,0,1,0,work
2025-05-04 15:30,EXC001,OP1001,1,0,0.0804,0,1,0,work
2025-05-04 15:31,EXC001,OP1001,1,0,0.0872,0,1,0,work
2025-05-04 15:32,EXC001,OP1001,1,0,0.0852,0,1,0,work
2025-05-04 15:33,EXC001,OP1001,1,0,0.0817,0,1,0,work
2025-05-04 15:34,EXC001,OP1001,1,0,0.0949,0,1,0,work
2025-05-04 15:35,EXC001,OP1001,1,0,0.0758,1,0,0,work
2025-05-04 15:36,EXC001,OP1001,1,0,0.0812,0,1,0,work
2025-05-04 15:37,EXC001,OP1001,1,0,0.0764,1,1,0,work
2025-05-04 15:38,EXC001,OP1001,1,0,0.0823,0,1,0,work
2025-05-04 15:39,EXC001,OP1001,1,0,0.0883,0,1,0,work
2025-05-04 15:40,EXC001,OP1001,1,1,0.0358,0,1,0,short_idle
2025-05-04 15:41,EXC001,OP1001,1,1,0.0341,0,1,0,short_idle
2025-05-04 15:42,EXC001,OP1001,1,1,0.0355,0,1,0,short_idle
2025-05-04 15:43,EXC001,OP1001,1,0,0.0787,0,1,0,work
2025-05-04 15:44,EXC001,OP1001,1,0,0.0829,0,1,0,work
2025-05-04 15:45,EXC001,OP1001,1,0,0.0787,0,1,0,work
2025-05-04 15:46,EXC001,OP1001,1,0,0.0892,1,1,0,work
2025-05-04 15:47,EXC001,OP1001,1,0,0.0909,0,1,0,work
2025-05-04 15:48,EXC001,OP1001,1,0,0.0786,1,1,0,work
2025-05-04 15:49,EXC001,OP1001,1,0,0.0872,0,1,0,work
2025-05-04 15:50,EXC001,OP1001,1,0,0.0778,1,1,0,work
2025-05-04 15:51,EXC001,OP1001,1,0,0.0916,0,1,0,work
2025-05-04 15:52,EXC001,OP1001,1,0,0.0915,1,1,0,work
2025-05-04 15:53,EXC001,OP1001,1,0,0.0865,1,1,0,work
2025-05-04 15:54,EXC001,OP1001,1,0,0.0822,0,1,0,work
2025-05-04 15:55,EXC001,OP1001,1,0,0.087,0,1,0,work
2025-05-04 15:56,EXC001,OP1001,1,0,0.0806,0,1,0,work
2025-05-04 15:57,EXC001,OP1001,1,0,0.0875,1,1,0,work
2025-05-04 15:58,EXC001,OP1001,1,0,0.0937,0,1,0,work
2025-05-04 15:59,EXC001,OP1001,1,0,0.0931,0,1,0,work
2025-05-04 16:00,EXC001,OP1001,1,0,0.0851,1,1,0,work
2025-05-04 16:01,EXC001,OP1001,1,0,0.0884,0,1,0,work
2025-05-04 16:02,EXC001,OP1001,1,0,0.0806,0,1,0,work
2025-05-04 16:03,EXC001,OP1001,1,0,0.0861,0,1,0,work
2025-05-04 16:04,EXC001,OP1001,1,0,0.0771,0,1,0,work
2025-05-04 16:05,EXC001,OP1001,1,0,0.0928,0,1,0,work
2025-05-04 16:06,EXC001,OP1001,1,0,0.0758,0,1,0,work
2025-05-04 16:07,EXC001,OP1001,1,0,0.085,1,1,0,work
2025-05-04 16:08,EXC001,OP1001,1,0,0.0938,0,1,0,work
2025-05-04 16:09,EXC001,OP1001,1,0,0.0769,0,1,0,work
2025-05-04 16:10,EXC001,OP1001,1,0,0.0848,0,1,0,work
2025-05-04 16:11,EXC001,OP1001,1,0,0.0928,0,1,1,work
2025-05-04 16:12,EXC001,OP1001,1,0,0.0794,0,1,0,work
2025-05-04 16:13,EXC001,OP1001,1,0,0.0903,1,1,0,work
2025-05-04 16:14,EXC001,OP1001,1,0,0.0838,0,1,0,work
2025-05-04 16:15,EXC001,OP1001,1,0,0.0771,0,1,0,work
2025-05-04 16:16,EXC001,OP1001,1,0,0.0934,1,1,0,work
2025-05-04 16:17,EXC001,OP1001,1,0,0.0847,0,1,0,work
2025-05-04 16:18,EXC001,OP1001,1,0,0.0855,1,1,0,work
2025-05-04 16:19,EXC001,OP1001,1,0,0.0835,0,1,0,work
2025-05-04 16:20,EXC001,OP1001,1,0,0.0886,0,1,0,work
2025-05-04 16:21,EXC001,OP1001,1,0,0.0797,0,1,0,work
2025-05-04 16:22,EXC001,OP1001,1,0,0.0779,0,1,0,work
2025-05-04 16:23,EXC001,OP1001,1,0,0.0866,0,1,0,work
2025-05-04 16:24,EXC001,OP1001,1,0,0.0809,1,1,1,work
2025-05-04 16:25,EXC001,OP1001,0,0,0.0,0,1,0,off
2025-05-04 16:26,EXC001,OP1001,0,0,0.0,0,1,0,off
2025-05-04 16:27,EXC001,OP1001,0,0,0.0,0,1,0,off
2025-05-04 16:28,EXC001,OP1001,0,0,0.0,0,1,0,off
2025-05-04 16:29,EXC001,OP1001,0,0,0.0,0,1,0,off
2025-05-04 16:30,EXC001,OP1001,0,0,0.0,0,1,0,off
2025-05-04 16:31,EXC001,OP1001,0,0,0.0,0,1,0,off
2025-05-04 16:32,EXC001,OP1001,0,0,0.0,0,1,0,off
2025-05-04 16:33,EXC001,OP1001,0,0,0.0,0,1,0,off
2025-05-04 16:34,EXC001,OP1001,0,0,0.0,0,1,0,off
2025-05-04 16:35,EXC001,OP1001,0,0,0.0,0,1,0,off
2025-05-04 16:36,EXC001,OP1001,0,0,0.0,0,1,0,off
2025-05-04 16:37,EXC001,OP1001,0,0,0.0,0,1,0,off
2025-05-04 16:38,EXC001,OP1001,0,0,0.0,0,1,0,off
2025-05-04 16:39,EXC001,OP1001,0,0,0.0,0,1,0,off
2025-05-04 16:40,EXC001,OP1001,0,0,0.0,0,1,0,off
2025-05-04 16:41,EXC001,OP1001,0,0,0.0,0,1,0,off
2025-05-04 16:42,EXC001,OP1001,0,0,0.0,0,1,0,off
2025-05-04 16:43,EXC001,OP1001,0,0,0.0,0,1,0,off
2025-05-04 16:44,EXC001,OP1001,0,0,0.0,0,1,0,off
2025-05-04 16:45,EXC001,OP1001,1,1,0.0391,0,1,0,long_idle_unbelted
2025-05-04 16:46,EXC001,OP1001,1,1,0.0361,0,1,0,long_idle_unbelted
2025-05-04 16:47,EXC001,OP1001,1,1,0.0363,0,1,0,long_idle_unbelted
2025-05-04 16:48,EXC001,OP1001,1,1,0.0319,0,0,0,long_idle_unbelted
2025-05-04 16:49,EXC001,OP1001,1,1,0.0359,0,0,0,long_idle_unbelted
2025-05-04 16:50,EXC001,OP1001,1,1,0.0368,0,0,0,long_idle_unbelted
2025-05-04 16:51,EXC001,OP1001,1,1,0.0388,0,1,0,long_idle_unbelted
2025-05-04 16:52,EXC001,OP1001,1,1,0.0353,0,0,0,long_idle_unbelted
2025-05-04 16:53,EXC001,OP1001,1,1,0.0372,0,0,0,long_idle_unbelted
2025-05-04 16:54,EXC001,OP1001,1,1,0.0352,0,0,0,long_idle_unbelted
2025-05-04 16:55,EXC001,OP1001,1,1,0.0353,0,0,0,long_idle_unbelted
2025-05-04 16:56,EXC001,OP1001,1,1,0.0342,0,0,0,long_idle_unbelted
2025-05-04 16:57,EXC001,OP1001,1,1,0.0312,0,0,0,long_idle_unbelted
2025-05-04 16:58,EXC001,OP1001,1,1,0.0344,0,1,0,long_idle_unbelted
2025-05-04 16:59,EXC001,OP1001,1,1,0.0395,0,0,0,long_idle_unbelted
2025-05-04 17:00,EXC001,OP1001,1,1,0.033,0,0,0,long_idle_unbelted
2025-05-04 17:01,EXC001,OP1001,1,1,0.0364,0,1,0,long_idle_unbelted
2025-05-04 17:02,EXC001,OP1001,1,1,0.035,0,0,0,long_idle_unbelted
2025-05-04 17:03,EXC001,OP1001,1,1,0.0396,0,0,0,long_idle_unbelted
2025-05-04 17:04,EXC001,OP1001,1,1,0.038,0,1,0,long_idle_unbelted
2025-05-04 17:05,EXC001,OP1001,1,1,0.0393,0,1,0,long_idle_unbelted
2025-05-04 17:06,EXC001,OP1001,1,1,0.0313,0,0,0,long_idle_unbelted
2025-05-04 17:07,EXC001,OP1001,1,1,0.0368,0,0,0,long_idle_unbelted
2025-05-04 17:08,EXC001,OP1001,1,1,0.0311,0,0,0,long_idle_unbelted
2025-05-04 17:09,EXC001,OP1001,1,1,0.0301,0,1,0,long_idle_unbelted
2025-05-04 17:10,EXC001,OP1001,1,1,0.0308,0,0,0,long_idle_unbelted
2025-05-04 17:11,EXC001,OP1001,1,1,0.0305,0,0,0,long_idle_unbelted
2025-05-04 17:12,EXC001,OP1001,1,1,0.0349,0,0,0,long_idle_unbelted
2025-05-04 17:13,EXC001,OP1001,1,1,0.0334,0,0,0,long_idle_unbelted
2025-05-04 17:14,EXC001,OP1001,1,1,0.0339,0,0,0,long_idle_unbelted
2025-05-04 17:15,EXC001,OP1001,1,1,0.0335,0,1,0,long_idle_unbelted
2025-05-04 17:16,EXC001,OP1001,1,0,0.0763,0,1,0,work
2025-05-04 17:17,EXC001,OP1001,1,0,0.093,0,1,0,work
2025-05-04 17:18,EXC001,OP1001,1,0,0.0948,0,1,0,work
2025-05-04 17:19,EXC001,OP1001,1,0,0.0808,0,1,0,work
2025-05-04 17:20,EXC001,OP1001,1,0,0.076,0,1,0,work
2025-05-04 17:21,EXC001,OP1001,1,0,0.0766,0,1,0,work
2025-05-04 17:22,EXC001,OP1001,1,0,0.0902,1,1,0,work
2025-05-04 17:23,EXC001,OP1001,1,0,0.0754,0,1,0,work
2025-05-04 17:24,EXC001,OP1001,1,0,0.0931,1,1,0,work
2025-05-04 17:25,EXC001,OP1001,1,0,0.0936,0,1,0,work
2025-05-04 17:26,EXC001,OP1001,1,0,0.0925,0,1,0,work
2025-05-04 17:27,EXC001,OP1001,1,0,0.0905,0,1,0,work
2025-05-04 17:28,EXC001,OP1001,1,0,0.0802,0,1,0,work
2025-05-04 17:29,EXC001,OP1001,1,0,0.0813,0,1,0,work
2025-05-04 17:30,EXC001,OP1001,1,0,0.0886,0,1,0,work
2025-05-04 17:31,EXC001,OP1001,1,0,0.0928,0,1,0,work
2025-05-04 17:32,EXC001,OP1001,1,0,0.0885,0,1,0,work
2025-05-04 17:33,EXC001,OP1001,1,0,0.0887,0,1,0,work
2025-05-04 17:34,EXC001,OP1001,1,0,0.0904,1,1,0,work
2025-05-04 17:35,EXC001,OP1001,1,0,0.0902,0,1,0,work
2025-05-04 17:36,EXC001,OP1001,1,0,0.0839,1,1,0,work
2025-05-04 17:37,EXC001,OP1001,1,0,0.0871,1,1,0,work
2025-05-04 17:38,EXC001,OP1001,1,0,0.0774,0,1,0,work
2025-05-04 17:39,EXC001,OP1001,1,0,0.0755,1,1,0,work
2025-05-04 17:40,EXC001,OP1001,1,0,0.0764,0,1,0,work
2025-05-04 17:41,EXC001,OP1001,1,0,0.0859,0,1,0,work
2025-05-04 17:42,EXC001,OP1001,1,0,0.0833,0,1,0,work
2025-05-04 17:43,EXC001,OP1001,1,0,0.0881,0,1,0,work
2025-05-04 17:44,EXC001,OP1001,1,0,0.0939,0,1,0,work
2025-05-04 17:45,EXC001,OP1001,1,0,0.0934,0,1,0,work
2025-05-04 17:46,EXC001,OP1001,1,0,0.0769,0,1,0,work
2025-05-04 17:47,EXC001,OP1001,1,0,0.0788,0,1,0,work
2025-05-04 17:48,EXC001,OP1001,1,0,0.0786,0,1,0,work
2025-05-04 17:49,EXC001,OP1001,1,0,0.0882,0,1,0,work
2025-05-04 17:50,EXC001,OP1001,1,0,0.0769,1,1,0,work
2025-05-04 17:51,EXC001,OP1001,1,0,0.0883,0,1,0,work
2025-05-04 17:52,EXC001,OP1001,1,0,0.0947,0,1,0,work
2025-05-04 17:53,EXC001,OP1001,1,0,0.0868,0,1,0,work
2025-05-04 17:54,EXC001,OP1001,1,0,0.0894,0,1,0,work
2025-05-04 17:55,EXC001,OP1001,1,0,0.0865,0,1,0,work
2025-05-04 17:56,EXC001,OP1001,1,0,0.0835,1,1,0,work
2025-05-04 17:57,EXC001,OP1001,1,0,0.075,0,1,0,work
2025-05-04 17:58,EXC001,OP1001,1,0,0.0818,0,1,0,work
2025-05-04 17:59,EXC001,OP1001,1,0,0.0844,0,1,0,work
2025-05-05 08:00,EXC001,OP1001,1,0,0.0849,0,1,0,work
2025-05-05 08:01,EXC001,OP1001,1,0,0.0781,1,1,0,work
2025-05-05 08:02,EXC001,OP1001,1,0,0.0765,0,1,0,work
2025-05-05 08:03,EXC001,OP1001,1,0,0.0896,0,1,0,work
2025-05-05 08:04,EXC001,OP1001,1,0,0.087,0,1,0,work
2025-05-05 08:05,EXC001,OP1001,1,0,0.0919,0,1,0,work
2025-05-05 08:06,EXC001,OP1001,1,0,0.0786,0,1,0,work
2025-05-05 08:07,EXC001,OP1001,1,0,0.0756,0,1,0,work
2025-05-05 08:08,EXC001,OP1001,1,0,0.0874,0,1,0,work
2025-05-05 08:09,EXC001,OP1001,1,0,0.0882,0,1,0,work
2025-05-05 08:10,EXC001,OP1001,1,0,0.0774,0,1,0,work
2025-05-05 08:11,EXC001,OP1001,1,0,0.077,1,1,0,work
2025-05-05 08:12,EXC001,OP1001,1,0,0.0884,0,1,0,work
2025-05-05 08:13,EXC001,OP1001,1,0,0.0947,1,1,0,work
2025-05-05 08:14,EXC001,OP1001,1,0,0.0778,0,1,0,work
2025-05-05 08:15,EXC001,OP1001,1,0,0.0832,0,1,0,work
2025-05-05 08:16,EXC001,OP1001,1,0,0.08,0,1,0,work
2025-05-05 08:17,EXC001,OP1001,1,0,0.076,0,1,0,work
2025-05-05 08:18,EXC001,OP1001,1,0,0.0803,0,1,0,work
2025-05-05 08:19,EXC001,OP1001,1,0,0.0889,0,1,0,work
2025-05-05 08:20,EXC001,OP1001,1,0,0.0823,0,1,0,work
2025-05-05 08:21,EXC001,OP1001,1,0,0.0948,0,1,0,work
2025-05-05 08:22,EXC001,OP1001,1,0,0.0773,0,1,0,work
2025-05-05 08:23,EXC001,OP1001,1,0,0.0807,1,1,0,work
2025-05-05 08:24,EXC001,OP1001,1,0,0.0918,0,1,0,work
2025-05-05 08:25,EXC001,OP1001,1,0,0.0907,0,1,0,work
2025-05-05 08:26,EXC001,OP1001,1,0,0.093,0,1,0,work
2025-05-05 08:27,EXC001,OP1001,1,0,0.0901,0,1,0,work
2025-05-05 08:28,EXC001,OP1001,1,0,0.0791,0,1,0,work
2025-05-05 08:29,EXC001,OP1001,1,0,0.0949,0,1,0,work
2025-05-05 08:30,EXC001,OP1001,1,0,0.0937,0,1,0,work
2025-05-05 08:31,EXC001,OP1001,1,0,0.0938,0,1,0,work
2025-05-05 08:32,EXC001,OP1001,1,0,0.0898,0,1,0,work
2025-05-05 08:33,EXC001,OP1001,1,0,0.081,0,1,0,work
2025-05-05 08:34,EXC001,OP1001,1,0,0.0751,0,1,0,work
2025-05-05 08:35,EXC001,OP1001,1,0,0.0902,0,1,0,work
2025-05-05 08:36,EXC001,OP1001,1,0,0.0855,0,1,0,work
2025-05-05 08:37,EXC001,OP1001,1,0,0.0946,0,1,0,work
2025-05-05 08:38,EXC001,OP1001,1,0,0.0819,0,1,0,work
2025-05-05 08:39,EXC001,OP1001,1,0,0.076,0,1,0,work
2025-05-05 08:40,EXC001,OP1001,1,0,0.0893,0,1,0,work
2025-05-05 08:41,EXC001,OP1001,1,0,0.0941,1,1,0,work
2025-05-05 08:42,EXC001,OP1001,1,0,0.0832,0,1,0,work
2025-05-05 08:43,EXC001,OP1001,1,0,0.0891,0,1,0,work
2025-05-05 08:44,EXC001,OP1001,1,0,0.0754,0,1,0,work
2025-05-05 08:45,EXC001,OP1001,1,0,0.0836,0,1,0,work
2025-05-05 08:46,EXC001,OP1001,1,0,0.079,1,1,0,work
2025-05-05 08:47,EXC001,OP1001,1,0,0.0936,0,1,0,work
2025-05-05 08:48,EXC001,OP1001,1,0,0.088,0,1,0,work
2025-05-05 08:49,EXC001,OP1001,1,0,0.0941,0,1,0,work
2025-05-05 08:50,EXC001,OP1001,1,0,0.0759,1,1,0,work
2025-05-05 08:51,EXC001,OP1001,1,0,0.0787,1,1,0,work
2025-05-05 08:52,EXC001,OP1001,1,0,0.0858,0,1,0,work
2025-05-05 08:53,EXC001,OP1001,1,0,0.0901,0,1,0,work
2025-05-05 08:54,EXC001,OP1001,1,0,0.0888,0,1,0,work
2025-05-05 08:55,EXC001,OP1001,1,0,0.0757,0,1,0,work
2025-05-05 08:56,EXC001,OP1001,1,0,0.0782,0,1,0,work
2025-05-05 08:57,EXC001,OP1001,1,0,0.083,0,1,0,work
2025-05-05 08:58,EXC001,OP1001,1,0,0.0923,0,1,0,work
2025-05-05 08:59,EXC001,OP1001,1,0,0.0792,1,1,0,work
2025-05-05 09:00,EXC001,OP1001,1,0,0.0768,0,1,0,work
2025-05-05 09:01,EXC001,OP1001,1,0,0.0837,1,1,0,work
2025-05-05 09:02,EXC001,OP1001,1,0,0.0871,0,1,0,work
2025-05-05 09:03,EXC001,OP1001,1,0,0.0866,0,1,1,work
2025-05-05 09:04,EXC001,OP1001,1,0,0.0933,1,1,0,work
2025-05-05 09:05,EXC001,OP1001,1,0,0.0896,0,1,0,work
2025-05-05 09:06,EXC001,OP1001,1,0,0.0907,1,1,0,work
2025-05-05 09:07,EXC001,OP1001,1,0,0.0922,0,1,0,work
2025-05-05 09:08,EXC001,OP1001,1,0,0.0829,0,1,0,work
2025-05-05 09:09,EXC001,OP1001,1,0,0.0907,1,1,0,work
2025-05-05 09:10,EXC001,OP1001,1,0,0.0796,1,1,0,work
2025-05-05 09:11,EXC001,OP1001,1,0,0.0949,1,1,0,work
2025-05-05 09:12,EXC001,OP1001,1,0,0.0907,0,1,0,work
2025-05-05 09:13,EXC001,OP1001,1,0,0.0872,0,1,0,work
2025-05-05 09:14,EXC001,OP1001,1,0,0.0799,0,1,0,work
2025-05-05 09:15,EXC001,OP1001,1,0,0.0871,0,1,0,work
2025-05-05 09:16,EXC001,OP1001,1,0,0.0837,0,1,0,work
2025-05-05 09:17,EXC001,OP1001,1,0,0.0878,0,1,0,work
2025-05-05 09:18,EXC001,OP1001,1,0,0.0834,0,1,0,work
2025-05-05 09:19,EXC001,OP1001,1,1,0.0331,0,1,0,short_idle
2025-05-05 09:20,EXC001,OP1001,1,1,0.0313,0,1,0,short_idle
2025-05-05 09:21,EXC001,OP1001,1,1,0.0345,0,1,0,short_idle
2025-05-05 09:22,EXC001,OP1001,1,1,0.037,0,1,0,short_idle
2025-05-05 09:23,EXC001,OP1001,1,1,0.0309,0,1,0,short_idle
2025-05-05 09:24,EXC001,OP1001,1,1,0.0343,0,1,0,short_idle
2025-05-05 09:25,EXC001,OP1001,1,1,0.0393,0,1,0,short_idle
2025-05-05 09:26,EXC001,OP1001,1,1,0.0354,0,1,0,short_idle
2025-05-05 09:27,EXC001,OP1001,1,1,0.0385,0,1,0,short_idle
2025-05-05 09:28,EXC001,OP1001,1,0,0.0775,0,1,0,work
2025-05-05 09:29,EXC001,OP1001,1,0,0.0886,0,1,0,work
2025-05-05 09:30,EXC001,OP1001,1,0,0.0921,0,1,0,work
2025-05-05 09:31,EXC001,OP1001,1,0,0.094,0,1,0,work
2025-05-05 09:32,EXC001,OP1001,1,0,0.0877,0,1,0,work
2025-05-05 09:33,EXC001,OP1001,1,0,0.0932,0,1,0,work
2025-05-05 09:34,EXC001,OP1001,1,0,0.0902,0,1,0,work
2025-05-05 09:35,EXC001,OP1001,1,0,0.0793,1,1,0,work
2025-05-05 09:36,EXC001,OP1001,1,0,0.0858,1,1,0,work
2025-05-05 09:37,EXC001,OP1001,1,0,0.0801,0,1,0,work
2025-05-05 09:38,EXC001,OP1001,1,0,0.0761,0,1,0,work
2025-05-05 09:39,EXC001,OP1001,1,0,0.0929,0,1,0,work
2025-05-05 09:40,EXC001,OP1001,1,0,0.081,1,1,0,work
2025-05-05 09:41,EXC001,OP1001,1,0,0.0765,1,1,0,work
2025-05-05 09:42,EXC001,OP1001,1,0,0.0943,0,1,0,work
2025-05-05 09:43,EXC001,OP1001,1,0,0.0905,0,1,0,work
2025-05-05 09:44,EXC001,OP1001,1,0,0.0922,0,1,0,work
2025-05-05 09:45,EXC001,OP1001,1,0,0.0845,0,1,0,work
2025-05-05 09:46,EXC001,OP1001,1,0,0.0922,0,1,0,work
2025-05-05 09:47,EXC001,OP1001,1,0,0.0883,1,1,0,work
2025-05-05 09:48,EXC001,OP1001,1,0,0.0911,0,1,0,work
2025-05-05 09:49,EXC001,OP1001,1,0,0.0849,1,1,0,work
2025-05-05 09:50,EXC001,OP1001,1,0,0.1083,0,1,0,aggressive
2025-05-05 09:51,EXC001,OP1001,1,0,0.1108,0,1,0,aggressive
2025-05-05 09:52,EXC001,OP1001,1,0,0.1021,0,1,0,aggressive
2025-05-05 09:53,EXC001,OP1001,1,0,0.0997,0,0,1,aggressive
2025-05-05 09:54,EXC001,OP1001,1,0,0.1182,0,1,0,aggressive
2025-05-05 09:55,EXC001,OP1001,1,0,0.0944,0,1,0,aggressive
2025-05-05 09:56,EXC001,OP1001,1,0,0.0985,0,1,0,aggressive
2025-05-05 09:57,EXC001,OP1001,1,0,0.1004,0,1,0,aggressive
2025-05-05 09:58,EXC001,OP1001,1,0,0.1172,0,1,0,aggressive
2025-05-05 09:59,EXC001,OP1001,1,0,0.0951,0,1,0,aggressive
2025-05-05 10:00,EXC001,OP1001,1,0,0.1122,0,1,0,aggressive
2025-05-05 10:01,EXC001,OP1001,1,0,0.1086,0,1,1,aggressive
2025-05-05 10:02,EXC001,OP1001,1,0,0.1123,1,1,1,aggressive
2025-05-05 10:03,EXC001,OP1001,1,0,0.0989,0,1,0,aggressive
2025-05-05 10:04,EXC001,OP1001,1,0,0.1139,1,1,0,aggressive
2025-05-05 10:05,EXC001,OP1001,1,0,0.0939,0,1,0,aggressive
2025-05-05 10:06,EXC001,OP1001,1,0,0.1187,1,1,0,aggressive
2025-05-05 10:07,EXC001,OP1001,1,0,0.1184,0,1,0,aggressive
2025-05-05 10:08,EXC001,OP1001,1,0,0.0952,0,1,0,aggressive
2025-05-05 10:09,EXC001,OP1001,1,0,0.0987,0,1,0,aggressive
2025-05-05 10:10,EXC001,OP1001,1,0,0.0971,0,1,0,aggressive
2025-05-05 10:11,EXC001,OP1001,1,0,0.0947,0,1,0,aggressive
2025-05-05 10:12,EXC001,OP1001,1,0,0.1076,0,1,1,aggressive
2025-05-05 10:13,EXC001,OP1001,1,0,0.1079,0,1,0,aggressive
2025-05-05 10:14,EXC001,OP1001,1,0,0.1186,0,1,0,aggressive
2025-05-05 10:15,EXC001,OP1001,1,0,0.1176,0,1,1,aggressive
2025-05-05 10:16,EXC001,OP1001,1,0,0.0976,0,1,0,aggressive
2025-05-05 10:17,EXC001,OP1001,1,0,0.1019,0,1,0,aggressive
2025-05-05 10:18,EXC001,OP1001,1,0,0.0999,0,1,0,aggressive
2025-05-05 10:19,EXC001,OP1001,1,0,0.1143,1,0,1,aggressive
2025-05-05 10:20,EXC001,OP1001,1,0,0.1114,0,1,0,aggressive
2025-05-05 10:21,EXC001,OP1001,1,0,0.112,0,1,1,aggressive
2025-05-05 10:22,EXC001,OP1001,1,0,0.1129,0,1,0,aggressive
2025-05-05 10:23,EXC001,OP1001,1,0,0.103,0,1,0,aggressive
2025-05-05 10:24,EXC001,OP1001,1,0,0.0998,1,1,0,aggressive
2025-05-05 10:25,EXC001,OP1001,1,0,0.1156,0,1,1,aggressive
2025-05-05 10:26,EXC001,OP1001,1,0,0.1041,0,1,0,aggressive
2025-05-05 10:27,EXC001,OP1001,1,0,0.1064,0,1,1,aggressive
2025-05-05 10:28,EXC001,OP1001,1,0,0.1024,1,1,0,aggressive
2025-05-05 10:29,EXC001,OP1001,1,0,0.1058,0,1,0,aggressive
2025-05-05 10:30,EXC001,OP1001,1,0,0.1172,0,1,1,aggressive
2025-05-05 10:31,EXC001,OP1001,1,0,0.097,0,1,1,aggressive
2025-05-05 10:32,EXC001,OP1001,1,0,0.1119,1,1,0,aggressive
2025-05-05 10:33,EXC001,OP1001,1,0,0.1093,0,1,0,aggressive
2025-05-05 10:34,EXC001,OP1001,1,0,0.108,0,1,1,aggressive
2025-05-05 10:35,EXC001,OP1001,1,0,0.1056,0,1,0,aggressive
2025-05-05 10:36,EXC001,OP1001,1,0,0.1097,0,1,0,aggressive
2025-05-05 10:37,EXC001,OP1001,1,0,0.113,0,1,1,aggressive
2025-05-05 10:38,EXC001,OP1001,1,0,0.0956,0,1,0,aggressive
2025-05-05 10:39,EXC001,OP1001,1,0,0.1097,1,1,0,aggressive
2025-05-05 10:40,EXC001,OP1001,1,0,0.1116,0,1,0,aggressive
2025-05-05 10:41,EXC001,OP1001,1,0,0.1026,1,1,1,aggressive
2025-05-05 10:42,EXC001,OP1001,1,0,0.0933,0,1,0,work
2025-05-05 10:43,EXC001,OP1001,1,0,0.0911,0,1,0,work
2025-05-05 10:44,EXC001,OP1001,1,0,0.0864,0,1,0,work
2025-05-05 10:45,EXC001,OP1001,1,0,0.0897,0,1,0,work
2025-05-05 10:46,EXC001,OP1001,1,0,0.0941,0,1,0,work
2025-05-05 10:47,EXC001,OP1001,1,0,0.0941,0,1,0,work
2025-05-05 10:48,EXC001,OP1001,1,0,0.091,1,1,0,work
2025-05-05 10:49,EXC001,OP1001,1,0,0.0877,0,1,0,work
2025-05-05 10:50,EXC001,OP1001,1,0,0.0901,1,1,0,work
2025-05-05 10:51,EXC001,OP1001,1,0,0.0931,0,1,0,work
2025-05-05 10:52,EXC001,OP1001,1,0,0.0801,0,1,0,work
2025-05-05 10:53,EXC001,OP1001,1,0,0.0863,0,1,0,work
2025-05-05 10:54,EXC001,OP1001,1,0,0.0929,0,1,0,work
2025-05-05 10:55,EXC001,OP1001,1,0,0.0752,1,1,0,work
2025-05-05 10:56,EXC001,OP1001,1,0,0.0876,1,1,0,work
2025-05-05 10:57,EXC001,OP1001,1,0,0.0809,1,1,0,work
2025-05-05 10:58,EXC001,OP1001,1,0,0.089,0,1,0,work
2025-05-05 10:59,EXC001,OP1001,1,0,0.082,0,1,0,work
2025-05-05 11:00,EXC001,OP1001,1,0,0.0846,1,1,0,work
2025-05-05 11:01,EXC001,OP1001,1,0,0.0766,0,1,0,work
2025-05-05 11:02,EXC001,OP1001,1,0,0.0787,0,1,0,work
2025-05-05 11:03,EXC001,OP1001,1,0,0.087,0,1,0,work
2025-05-05 11:04,EXC001,OP1001,1,0,0.0891,1,1,0,work
2025-05-05 11:05,EXC001,OP1001,1,0,0.0846,0,1,0,work
2025-05-05 11:06,EXC001,OP1001,1,0,0.0768,0,1,0,work
2025-05-05 11:07,EXC001,OP1001,1,0,0.0826,0,1,0,work
2025-05-05 11:08,EXC001,OP1001,1,0,0.0784,1,1,0,work
2025-05-05 11:09,EXC001,OP1001,1,0,0.0867,0,1,0,work
2025-05-05 11:10,EXC001,OP1001,1,0,0.0924,0,1,0,work
2025-05-05 11:11,EXC001,OP1001,1,0,0.0811,0,1,0,work
2025-05-05 11:12,EXC001,OP1001,1,0,0.0845,0,1,0,work
2025-05-05 11:13,EXC001,OP1001,1,0,0.0949,0,1,0,work
2025-05-05 11:14,EXC001,OP1001,1,0,0.0821,0,1,0,work
2025-05-05 11:15,EXC001,OP1001,1,0,0.0894,0,1,0,work
2025-05-05 11:16,EXC001,OP1001,1,0,0.092,1,1,0,work
2025-05-05 11:17,EXC001,OP1001,1,0,0.09,0,1,0,work
2025-05-05 11:18,EXC001,OP1001,1,0,0.0851,0,1,0,work
2025-05-05 11:19,EXC001,OP1001,1,0,0.0848,0,1,0,work
2025-05-05 11:20,EXC001,OP1001,1,0,0.0863,0,1,0,work
2025-05-05 11:21,EXC001,OP1001,1,0,0.0798,1,1,0,work
2025-05-05 11:22,EXC001,OP1001,1,0,0.0877,1,1,0,work
2025-05-05 11:23,EXC001,OP1001,1,0,0.0811,1,1,0,work
2025-05-05 11:24,EXC001,OP1001,1,0,0.077,0,1,0,work
2025-05-05 11:25,EXC001,OP1001,1,0,0.0779,0,1,0,work
2025-05-05 11:26,EXC001,OP1001,1,0,0.0844,0,1,0,work
2025-05-05 11:27,EXC001,OP1001,1,0,0.0855,1,1,0,work
2025-05-05 11:28,EXC001,OP1001,1,0,0.0829,0,1,0,work
2025-05-05 11:29,EXC001,OP1001,1,0,0.0948,0,1,0,work
2025-05-05 11:30,EXC001,OP1001,1,0,0.0817,1,1,0,work
2025-05-05 11:31,EXC001,OP1001,1,0,0.0914,0,1,0,work
2025-05-05 11:32,EXC001,OP1001,1,0,0.0936,1,1,0,work
2025-05-05 11:33,EXC001,OP1001,1,0,0.0925,0,1,0,work
2025-05-05 11:34,EXC001,OP1001,1,0,0.0874,0,1,0,work
2025-05-05 11:35,EXC001,OP1001,1,0,0.0944,0,1,0,work
2025-05-05 11:36,EXC001,OP1001,1,0,0.0777,0,1,0,work
2025-05-05 11:37,EXC001,OP1001,1,0,0.077,0,1,0,work
2025-05-05 11:38,EXC001,OP1001,1,0,0.0887,1,1,0,work
2025-05-05 11:39,EXC001,OP1001,1,0,0.0881,0,1,0,work
2025-05-05 11:40,EXC001,OP1001,1,0,0.0931,0,1,0,work
2025-05-05 11:41,EXC001,OP1001,1,0,0.0949,0,1,0,work
2025-05-05 11:42,EXC001,OP1001,1,0,0.0792,1,1,0,work
2025-05-05 11:43,EXC001,OP1001,1,0,0.0786,0,1,0,work
2025-05-05 11:44,EXC001,OP1001,1,0,0.0879,0,0,0,work
2025-05-05 11:45,EXC001,OP1001,1,0,0.0794,0,1,0,work
2025-05-05 11:46,EXC001,OP1001,1,1,0.0332,0,1,0,long_idle_unbelted
2025-05-05 11:47,EXC001,OP1001,1,1,0.0318,0,0,0,long_idle_unbelted
2025-05-05 11:48,EXC001,OP1001,1,1,0.0369,0,0,0,long_idle_unbelted
2025-05-05 11:49,EXC001,OP1001,1,1,0.0364,0,0,0,long_idle_unbelted
2025-05-05 11:50,EXC001,OP1001,1,1,0.0378,0,0,0,long_idle_unbelted
2025-05-05 11:51,EXC001,OP1001,1,1,0.0357,0,0,0,long_idle_unbelted
2025-05-05 11:52,EXC001,OP1001,1,1,0.0354,0,0,0,long_idle_unbelted
2025-05-05 11:53,EXC001,OP1001,1,1,0.0367,0,0,0,long_idle_unbelted
2025-05-05 11:54,EXC001,OP1001,1,1,0.0386,0,1,0,long_idle_unbelted
2025-05-05 11:55,EXC001,OP1001,1,1,0.0385,0,0,0,long_idle_unbelted
2025-05-05 11:56,EXC001,OP1001,1,1,0.0314,0,1,0,long_idle_unbelted
2025-05-05 11:57,EXC001,OP1001,1,1,0.0304,0,0,0,long_idle_unbelted
2025-05-05 11:58,EXC001,OP1001,1,1,0.036,0,0,0,long_idle_unbelted
2025-05-05 11:59,EXC001,OP1001,1,1,0.0364,0,0,0,long_idle_unbelted
2025-05-05 12:00,EXC001,OP1001,1,1,0.0379,0,0,0,long_idle_unbelted
2025-05-05 12:01,EXC001,OP1001,1,1,0.0344,0,1,0,long_idle_unbelted
2025-05-05 12:02,EXC001,OP1001,1,1,0.035,0,0,0,long_idle_unbelted
2025-05-05 12:03,EXC001,OP1001,1,1,0.0322,0,0,0,long_idle_unbelted
2025-05-05 12:04,EXC001,OP1001,1,1,0.034,0,1,0,long_idle_unbelted
2025-05-05 12:05,EXC001,OP1001,1,1,0.0388,0,1,0,long_idle_unbelted
2025-05-05 12:06,EXC001,OP1001,1,1,0.0302,0,1,0,long_idle_unbelted
2025-05-05 12:07,EXC001,OP1001,1,1,0.0335,0,0,0,long_idle_unbelted
2025-05-05 12:08,EXC001,OP1001,1,1,0.0369,0,0,0,long_idle_unbelted
2025-05-05 12:09,EXC001,OP1001,1,1,0.0318,0,0,0,long_idle_unbelted
2025-05-05 12:10,EXC001,OP1001,1,1,0.0375,0,0,0,long_idle_unbelted
2025-05-05 12:11,EXC001,OP1001,1,1,0.0372,0,0,0,long_idle_unbelted
2025-05-05 12:12,EXC001,OP1001,1,1,0.034,0,0,0,long_idle_unbelted
2025-05-05 12:13,EXC001,OP1001,1,1,0.0315,0,0,0,long_idle_unbelted
2025-05-05 12:14,EXC001,OP1001,1,1,0.0388,0,0,0,long_idle_unbelted
2025-05-05 12:15,EXC001,OP1001,1,1,0.0396,0,0,0,long_idle_unbelted
2025-05-05 12:16,EXC001,OP1001,1,1,0.0336,0,0,0,long_idle_unbelted
2025-05-05 12:17,EXC001,OP1001,1,1,0.0384,0,0,0,long_idle_unbelted
2025-05-05 12:18,EXC001,OP1001,1,1,0.0314,0,0,0,long_idle_unbelted
2025-05-05 12:19,EXC001,OP1001,1,1,0.0329,0,0,0,long_idle_unbelted
2025-05-05 12:20,EXC001,OP1001,1,1,0.0382,0,0,0,long_idle_unbelted
2025-05-05 12:21,EXC001,OP1001,1,1,0.0384,0,0,0,long_idle_unbelted
2025-05-05 12:22,EXC001,OP1001,1,1,0.039,0,1,0,long_idle_unbelted
2025-05-05 12:23,EXC001,OP1001,1,1,0.0398,0,1,0,long_idle_unbelted
2025-05-05 12:24,EXC001,OP1001,1,1,0.03,0,0,0,long_idle_unbelted
2025-05-05 12:25,EXC001,OP1001,1,1,0.0345,0,0,0,long_idle_unbelted
2025-05-05 12:26,EXC001,OP1001,1,1,0.0348,0,0,0,long_idle_unbelted
2025-05-05 12:27,EXC001,OP1001,1,1,0.0345,0,0,0,long_idle_unbelted
2025-05-05 12:28,EXC001,OP1001,1,1,0.0323,0,1,0,long_idle_unbelted
2025-05-05 12:29,EXC001,OP1001,1,1,0.0332,0,0,0,long_idle_unbelted
2025-05-05 12:30,EXC001,OP1001,1,1,0.0399,0,0,0,long_idle_unbelted
2025-05-05 12:31,EXC001,OP1001,1,1,0.0365,0,0,0,long_idle_unbelted
2025-05-05 12:32,EXC001,OP1001,1,1,0.0307,0,1,0,long_idle_unbelted
2025-05-05 12:33,EXC001,OP1001,1,1,0.0368,0,0,0,long_idle_unbelted
2025-05-05 12:34,EXC001,OP1001,1,1,0.0398,0,0,0,long_idle_unbelted
2025-05-05 12:35,EXC001,OP1001,1,1,0.0397,0,0,0,long_idle_unbelted
2025-05-05 12:36,EXC001,OP1001,1,1,0.0341,0,0,0,long_idle_unbelted
2025-05-05 12:37,EXC001,OP1001,1,1,0.0376,0,1,0,long_idle_unbelted
2025-05-05 12:38,EXC001,OP1001,1,0,0.0919,0,1,0,work
2025-05-05 12:39,EXC001,OP1001,1,0,0.0765,0,1,0,work
2025-05-05 12:40,EXC001,OP1001,1,0,0.0887,0,1,0,work
2025-05-05 12:41,EXC001,OP1001,1,0,0.0887,1,1,0,work
2025-05-05 12:42,EXC001,OP1001,1,0,0.0821,0,1,0,work
2025-05-05 12:43,EXC001,OP1001,1,0,0.0825,1,1,0,work
2025-05-05 12:44,EXC001,OP1001,1,0,0.0921,0,1,0,work
2025-05-05 12:45,EXC001,OP1001,1,0,0.0901,0,1,0,work
2025-05-05 12:46,EXC001,OP1001,1,0,0.0758,1,1,0,work
2025-05-05 12:47,EXC001,OP1001,1,0,0.0916,0,1,0,work
2025-05-05 12:48,EXC001,OP1001,1,0,0.0751,1,1,0,work
2025-05-05 12:49,EXC001,OP1001,1,0,0.0804,1,1,0,work
2025-05-05 12:50,EXC001,OP1001,1,0,0.0764,0,1,0,work
2025-05-05 12:51,EXC001,OP1001,1,0,0.076,0,1,0,work
2025-05-05 12:52,EXC001,OP1001,1,0,0.0922,0,1,0,work
2025-05-05 12:53,EXC001,OP1001,1,0,0.0775,0,1,0,work
2025-05-05 12:54,EXC001,OP1001,1,0,0.0824,1,1,0,work
2025-05-05 12:55,EXC001,OP1001,1,0,0.085,0,1,0,work
2025-05-05 12:56,EXC001,OP1001,1,0,0.0863,0,1,0,work
2025-05-05 12:57,EXC001,OP1001,1,0,0.0882,0,1,0,work
2025-05-05 12:58,EXC001,OP1001,1,0,0.0885,0,1,0,work
2025-05-05 12:59,EXC001,OP1001,1,0,0.0778,0,1,0,work
2025-05-05 13:00,EXC001,OP1001,1,0,0.0773,0,1,0,work
2025-05-05 13:01,EXC001,OP1001,1,0,0.0887,0,1,0,work
2025-05-05 13:02,EXC001,OP1001,1,0,0.0882,0,1,0,work
2025-05-05 13:03,EXC001,OP1001,1,0,0.0831,1,1,0,work
2025-05-05 13:04,EXC001,OP1001,1,0,0.081,1,1,0,work
2025-05-05 13:05,EXC001,OP1001,1,0,0.0874,0,1,0,work
2025-05-05 13:06,EXC001,OP1001,1,0,0.0799,0,1,0,work
2025-05-05 13:07,EXC001,OP1001,1,0,0.0755,0,1,0,work
2025-05-05 13:08,EXC001,OP1001,1,0,0.0947,0,1,0,work
2025-05-05 13:09,EXC001,OP1001,1,0,0.0758,0,1,0,work
2025-05-05 13:10,EXC001,OP1001,1,0,0.0926,0,1,0,work
2025-05-05 13:11,EXC001,OP1001,1,0,0.0809,0,1,0,work
2025-05-05 13:12,EXC001,OP1001,1,0,0.0879,0,1,0,work
2025-05-05 13:13,EXC001,OP1001,1,0,0.0841,0,1,0,work
2025-05-05 13:14,EXC001,OP1001,1,0,0.0912,1,1,0,work
2025-05-05 13:15,EXC001,OP1001,1,0,0.0895,1,1,0,work
2025-05-05 13:16,EXC001,OP1001,1,0,0.0763,0,1,0,work
2025-05-05 13:17,EXC001,OP1001,1,0,0.0813,1,0,0,work
2025-05-05 13:18,EXC001,OP1001,1,0,0.09,0,1,0,work
2025-05-05 13:19,EXC001,OP1001,1,0,0.0908,1,1,0,work
2025-05-05 13:20,EXC001,OP1001,1,0,0.0888,0,1,0,work
2025-05-05 13:21,EXC001,OP1001,1,0,0.0765,0,1,0,work
2025-05-05 13:22,EXC001,OP1001,1,0,0.075,0,1,0,work
2025-05-05 13:23,EXC001,OP1001,1,0,0.0815,1,1,0,work
2025-05-05 13:24,EXC001,OP1001,1,0,0.0762,0,1,0,work
2025-05-05 13:25,EXC001,OP1001,1,0,0.0877,0,1,0,work
2025-05-05 13:26,EXC001,OP1001,1,0,0.0909,0,1,0,work
2025-05-05 13:27,EXC001,OP1001,1,0,0.0826,1,1,0,work
2025-05-05 13:28,EXC001,OP1001,1,0,0.081,0,1,0,work
2025-05-05 13:29,EXC001,OP1001,1,0,0.0939,0,1,0,work
2025-05-05 13:30,EXC001,OP1001,1,0,0.0893,0,1,0,work
2025-05-05 13:31,EXC001,OP1001,1,0,0.0932,0,1,0,work
2025-05-05 13:32,EXC001,OP1001,1,0,0.0846,0,1,0,work
2025-05-05 13:33,EXC001,OP1001,1,0,0.0928,0,1,0,work
2025-05-05 13:34,EXC001,OP1001,1,0,0.0804,0,1,0,work
2025-05-05 13:35,EXC001,OP1001,1,0,0.0932,0,1,0,work
2025-05-05 13:36,EXC001,OP1001,1,0,0.091,0,1,0,work
2025-05-05 13:37,EXC001,OP1001,1,0,0.0833,0,1,0,work
2025-05-05 13:38,EXC001,OP1001,1,0,0.0851,1,1,0,work
2025-05-05 13:39,EXC001,OP1001,1,0,0.0827,0,1,0,work
2025-05-05 13:40,EXC001,OP1001,1,0,0.0922,0,1,0,work
2025-05-05 13:41,EXC001,OP1001,1,0,0.0799,1,1,0,work
2025-05-05 13:42,EXC001,OP1001,1,0,0.0819,1,1,0,work
2025-05-05 13:43,EXC001,OP1001,1,0,0.0787,0,1,0,work
2025-05-05 13:44,EXC001,OP1001,1,0,0.0754,0,1,0,work
2025-05-05 13:45,EXC001,OP1001,1,0,0.0807,0,1,0,work
2025-05-05 13:46,EXC001,OP1001,1,0,0.0943,0,1,0,work
2025-05-05 13:47,EXC001,OP1001,1,0,0.0794,0,1,0,work
2025-05-05 13:48,EXC001,OP1001,1,0,0.1092,0,1,0,aggressive
2025-05-05 13:49,EXC001,OP1001,1,0,0.106,0,1,1,aggressive
2025-05-05 13:50,EXC001,OP1001,1,0,0.1034,0,1,0,aggressive
2025-05-05 13:51,EXC001,OP1001,1,0,0.0973,0,1,0,aggressive
2025-05-05 13:52,EXC001,OP1001,1,0,0.094,0,1,0,aggressive
2025-05-05 13:53,EXC001,OP1001,1,0,0.0999,0,1,1,aggressive
2025-05-05 13:54,EXC001,OP1001,1,0,0.1013,0,1,0,aggressive
2025-05-05 13:55,EXC001,OP1001,1,0,0.1107,0,1,1,aggressive
2025-05-05 13:56,EXC001,OP1001,1,0,0.1052,0,1,0,aggressive
2025-05-05 13:57,EXC001,OP1001,1,0,0.1144,0,1,0,aggressive
2025-05-05 13:58,EXC001,OP1001,1,0,0.1089,0,1,1,aggressive
2025-05-05 13:59,EXC001,OP1001,1,0,0.1141,0,1,0,aggressive
2025-05-05 14:00,EXC001,OP1001,1,0,0.1092,1,1,0,aggressive
2025-05-05 14:01,EXC001,OP1001,1,0,0.1094,0,1,0,aggressive
2025-05-05 14:02,EXC001,OP1001,1,0,0.1153,0,1,1,aggressive
2025-05-05 14:03,EXC001,OP1001,1,0,0.1158,0,1,0,aggressive
2025-05-05 14:04,EXC001,OP1001,1,0,0.0989,0,1,1,aggressive
2025-05-05 14:05,EXC001,OP1001,1,0,0.1149,0,1,0,aggressive
2025-05-05 14:06,EXC001,OP1001,1,0,0.0955,0,1,0,aggressive
2025-05-05 14:07,EXC001,OP1001,1,0,0.1165,0,1,0,aggressive
2025-05-05 14:08,EXC001,OP1001,1,0,0.1132,0,1,0,aggressive
2025-05-05 14:09,EXC001,OP1001,1,0,0.0955,0,1,1,aggressive
2025-05-05 14:10,EXC001,OP1001,1,0,0.1176,1,1,0,aggressive
2025-05-05 14:11,EXC001,OP1001,1,0,0.1015,0,1,0,aggressive
2025-05-05 14:12,EXC001,OP1001,1,0,0.1176,0,1,0,aggressive
2025-05-05 14:13,EXC001,OP1001,1,0,0.104,0,1,0,aggressive
2025-05-05 14:14,EXC001,OP1001,1,0,0.1138,0,1,1,aggressive
2025-05-05 14:15,EXC001,OP1001,1,0,0.108,0,1,0,aggressive
2025-05-05 14:16,EXC001,OP1001,1,0,0.1028,0,1,0,aggressive
2025-05-05 14:17,EXC001,OP1001,1,0,0.1003,0,1,1,aggressive
2025-05-05 14:18,EXC001,OP1001,1,0,0.1182,0,1,1,aggressive
2025-05-05 14:19,EXC001,OP1001,1,0,0.106,0,1,1,aggressive
2025-05-05 14:20,EXC001,OP1001,1,0,0.094,0,1,0,aggressive
2025-05-05 14:21,EXC001,OP1001,1,0,0.1008,1,1,0,aggressive
2025-05-05 14:22,EXC001,OP1001,1,0,0.1109,0,1,0,aggressive
2025-05-05 14:23,EXC001,OP1001,1,0,0.0989,0,1,0,aggressive
2025-05-05 14:24,EXC001,OP1001,1,0,0.0939,0,1,0,aggressive
2025-05-05 14:25,EXC001,OP1001,1,0,0.1012,0,1,0,aggressive
2025-05-05 14:26,EXC001,OP1001,1,0,0.1049,0,1,0,aggressive
2025-05-05 14:27,EXC001,OP1001,1,0,0.0944,1,1,0,aggressive
2025-05-05 14:28,EXC001,OP1001,1,0,0.1135,1,1,0,aggressive
2025-05-05 14:29,EXC001,OP1001,1,0,0.1058,0,1,1,aggressive
2025-05-05 14:30,EXC001,OP1001,1,0,0.1066,0,1,1,aggressive
2025-05-05 14:31,EXC001,OP1001,1,0,0.1097,1,1,0,aggressive
2025-05-05 14:32,EXC001,OP1001,1,0,0.102,0,1,0,aggressive
2025-05-05 14:33,EXC001,OP1001,1,0,0.1185,0,1,0,aggressive
2025-05-05 14:34,EXC001,OP1001,1,0,0.1083,0,1,0,aggressive
2025-05-05 14:35,EXC001,OP1001,1,0,0.0957,0,1,0,aggressive
2025-05-05 14:36,EXC001,OP1001,1,0,0.0944,0,1,1,aggressive
2025-05-05 14:37,EXC001,OP1001,1,0,0.1031,1,1,1,aggressive
2025-05-05 14:38,EXC001,OP1001,1,0,0.0965,0,1,1,aggressive
2025-05-05 14:39,EXC001,OP1001,1,0,0.1086,1,1,0,aggressive
2025-05-05 14:40,EXC001,OP1001,1,0,0.1029,0,1,0,aggressive
2025-05-05 14:41,EXC001,OP1001,1,0,0.1082,0,1,0,aggressive
2025-05-05 14:42,EXC001,OP1001,1,0,0.1075,0,1,1,aggressive
2025-05-05 14:43,EXC001,OP1001,1,0,0.1163,0,1,0,aggressive
2025-05-05 14:44,EXC001,OP1001,1,0,0.1003,1,1,0,aggressive
2025-05-05 14:45,EXC001,OP1001,1,0,0.1156,0,1,0,aggressive
2025-05-05 14:46,EXC001,OP1001,1,0,0.0995,0,1,0,aggressive
2025-05-05 14:47,EXC001,OP1001,1,0,0.1061,0,1,0,aggressive
2025-05-05 14:48,EXC001,OP1001,1,0,0.1108,0,1,1,aggressive
2025-05-05 14:49,EXC001,OP1001,1,0,0.1181,0,1,0,aggressive
2025-05-05 14:50,EXC001,OP1001,1,0,0.0889,1,1,0,work
2025-05-05 14:51,EXC001,OP1001,1,0,0.0856,0,1,0,work
2025-05-05 14:52,EXC001,OP1001,1,0,0.0857,0,1,0,work
2025-05-05 14:53,EXC001,OP1001,1,0,0.0902,0,1,0,work
2025-05-05 14:54,EXC001,OP1001,1,0,0.0824,0,1,0,work
2025-05-05 14:55,EXC001,OP1001,1,0,0.0848,0,1,0,work
2025-05-05 14:56,EXC001,OP1001,1,0,0.0885,0,1,0,work
2025-05-05 14:57,EXC001,OP1001,1,0,0.0799,0,1,0,work
2025-05-05 14:58,EXC001,OP1001,1,0,0.0943,0,1,0,work
2025-05-05 14:59,EXC001,OP1001,1,0,0.0753,0,1,0,work
2025-05-05 15:00,EXC001,OP1001,1,0,0.0884,0,1,0,work
2025-05-05 15:01,EXC001,OP1001,1,0,0.081,0,1,0,work
2025-05-05 15:02,EXC001,OP1001,1,0,0.0906,1,1,0,work
2025-05-05 15:03,EXC001,OP1001,1,0,0.0815,0,1,0,work
2025-05-05 15:04,EXC001,OP1001,1,0,0.0783,0,1,0,work
2025-05-05 15:05,EXC001,OP1001,1,0,0.0859,0,1,0,work
2025-05-05 15:06,EXC001,OP1001,1,0,0.0884,0,1,0,work
2025-05-05 15:07,EXC001,OP1001,1,0,0.0872,0,1,0,work
2025-05-05 15:08,EXC001,OP1001,1,0,0.0773,0,1,0,work
2025-05-05 15:09,EXC001,OP1001,1,0,0.0835,0,1,0,work
2025-05-05 15:10,EXC001,OP1001,1,0,0.0766,0,1,0,work
2025-05-05 15:11,EXC001,OP1001,1,0,0.0752,0,1,0,work
2025-05-05 15:12,EXC001,OP1001,1,0,0.0755,0,1,0,work
2025-05-05 15:13,EXC001,OP1001,1,0,0.0824,0,1,0,work
2025-05-05 15:14,EXC001,OP1001,1,0,0.0807,0,1,0,work
2025-05-05 15:15,EXC001,OP1001,1,0,0.0881,0,1,0,work
2025-05-05 15:16,EXC001,OP1001,1,0,0.0811,0,1,0,work
2025-05-05 15:17,EXC001,OP1001,1,0,0.078,1,1,0,work
2025-05-05 15:18,EXC001,OP1001,1,0,0.0788,0,1,0,work
2025-05-05 15:19,EXC001,OP1001,1,0,0.0947,1,1,0,work
2025-05-05 15:20,EXC001,OP1001,1,0,0.0814,0,1,0,work
2025-05-05 15:21,EXC001,OP1001,1,0,0.0768,1,1,0,work
2025-05-05 15:22,EXC001,OP1001,1,0,0.0931,1,1,0,work
2025-05-05 15:23,EXC001,OP1001,1,0,0.0773,1,1,0,work
2025-05-05 15:24,EXC001,OP1001,1,0,0.0802,0,1,0,work
2025-05-05 15:25,EXC001,OP1001,1,0,0.0928,0,1,0,work
2025-05-05 15:26,EXC001,OP1001,1,0,0.0907,0,1,0,work
2025-05-05 15:27,EXC001,OP1001,1,0,0.0844,0,1,0,work
2025-05-05 15:28,EXC001,OP1001,1,0,0.0816,0,1,0,work
2025-05-05 15:29,EXC001,OP1001,1,0,0.0863,0,1,0,work
2025-05-05 15:30,EXC001,OP1001,1,0,0.0821,0,1,0,work
2025-05-05 15:31,EXC001,OP1001,1,0,0.0814,1,1,0,work
2025-05-05 15:32,EXC001,OP1001,1,0,0.09,0,1,0,work
2025-05-05 15:33,EXC001,OP1001,1,0,0.0943,1,1,0,work
2025-05-05 15:34,EXC001,OP1001,1,0,0.0931,1,1,0,work
2025-05-05 15:35,EXC001,OP1001,0,0,0.0,0,1,0,off
2025-05-05 15:36,EXC001,OP1001,0,0,0.0,0,1,0,off
2025-05-05 15:37,EXC001,OP1001,0,0,0.0,0,1,0,off
2025-05-05 15:38,EXC001,OP1001,0,0,0.0,0,1,0,off
2025-05-05 15:39,EXC001,OP1001,0,0,0.0,0,1,0,off
2025-05-05 15:40,EXC001,OP1001,0,0,0.0,0,1,0,off
2025-05-05 15:41,EXC001,OP1001,0,0,0.0,0,1,0,off
2025-05-05 15:42,EXC001,OP1001,0,0,0.0,0,1,0,off
2025-05-05 15:43,EXC001,OP1001,0,0,0.0,0,1,0,off
2025-05-05 15:44,EXC001,OP1001,0,0,0.0,0,1,0,off
2025-05-05 15:45,EXC001,OP1001,0,0,0.0,0,1,0,off
2025-05-05 15:46,EXC001,OP1001,0,0,0.0,0,1,0,off
2025-05-05 15:47,EXC001,OP1001,0,0,0.0,0,1,0,off
2025-05-05 15:48,EXC001,OP1001,0,0,0.0,0,1,0,off
2025-05-05 15:49,EXC001,OP1001,0,0,0.0,0,1,0,off
2025-05-05 15:50,EXC001,OP1001,0,0,0.0,0,1,0,off
2025-05-05 15:51,EXC001,OP1001,0,0,0.0,0,1,0,off
2025-05-05 15:52,EXC001,OP1001,0,0,0.0,0,1,0,off
2025-05-05 15:53,EXC001,OP1001,0,0,0.0,0,1,0,off
2025-05-05 15:54,EXC001,OP1001,0,0,0.0,0,1,0,off
2025-05-05 15:55,EXC001,OP1001,0,0,0.0,0,1,0,off
2025-05-05 15:56,EXC001,OP1001,0,0,0.0,0,1,0,off
2025-05-05 15:57,EXC001,OP1001,0,0,0.0,0,1,0,off
2025-05-05 15:58,EXC001,OP1001,0,0,0.0,0,1,0,off
2025-05-05 15:59,EXC001,OP1001,0,0,0.0,0,1,0,off
2025-05-05 16:00,EXC001,OP1001,0,0,0.0,0,1,0,off
2025-05-05 16:01,EXC001,OP1001,0,0,0.0,0,1,0,off
2025-05-05 16:02,EXC001,OP1001,0,0,0.0,0,1,0,off
2025-05-05 16:03,EXC001,OP1001,0,0,0.0,0,1,0,off
2025-05-05 16:04,EXC001,OP1001,1,1,0.0382,0,1,0,short_idle
2025-05-05 16:05,EXC001,OP1001,1,1,0.0364,0,1,0,short_idle
2025-05-05 16:06,EXC001,OP1001,1,1,0.035,0,1,0,short_idle
2025-05-05 16:07,EXC001,OP1001,1,1,0.032,0,1,0,short_idle
2025-05-05 16:08,EXC001,OP1001,1,0,0.0773,1,1,0,work
2025-05-05 16:09,EXC001,OP1001,1,0,0.079,1,1,0,work
2025-05-05 16:10,EXC001,OP1001,1,0,0.0817,0,1,0,work
2025-05-05 16:11,EXC001,OP1001,1,0,0.0862,0,1,0,work
2025-05-05 16:12,EXC001,OP1001,1,0,0.0893,0,1,0,work
2025-05-05 16:13,EXC001,OP1001,1,0,0.091,1,1,0,work
2025-05-05 16:14,EXC001,OP1001,1,0,0.0846,0,1,0,work
2025-05-05 16:15,EXC001,OP1001,1,0,0.0869,0,1,0,work
2025-05-05 16:16,EXC001,OP1001,1,0,0.0848,0,1,0,work
2025-05-05 16:17,EXC001,OP1001,1,0,0.0875,1,1,0,work
2025-05-05 16:18,EXC001,OP1001,1,0,0.0769,0,1,0,work
2025-05-05 16:19,EXC001,OP1001,1,0,0.0911,0,1,0,work
2025-05-05 16:20,EXC001,OP1001,1,0,0.0751,0,1,0,work
2025-05-05 16:21,EXC001,OP1001,1,0,0.0829,0,1,0,work
2025-05-05 16:22,EXC001,OP1001,1,0,0.0787,0,1,1,work
2025-05-05 16:23,EXC001,OP1001,1,0,0.0865,0,1,0,work
2025-05-05 16:24,EXC001,OP1001,1,0,0.0838,0,1,0,work
2025-05-05 16:25,EXC001,OP1001,1,0,0.0909,0,1,0,work
2025-05-05 16:26,EXC001,OP1001,1,0,0.0844,0,1,0,work
2025-05-05 16:27,EXC001,OP1001,1,0,0.0866,0,1,0,work
2025-05-05 16:28,EXC001,OP1001,1,0,0.094,0,1,0,work
2025-05-05 16:29,EXC001,OP1001,1,0,0.0853,0,1,0,work
2025-05-05 16:30,EXC001,OP1001,1,0,0.0947,0,1,0,work
2025-05-05 16:31,EXC001,OP1001,1,0,0.0804,0,1,0,work
2025-05-05 16:32,EXC001,OP1001,1,0,0.0818,0,1,0,work
2025-05-05 16:33,EXC001,OP1001,1,0,0.0855,1,1,0,work
2025-05-05 16:34,EXC001,OP1001,1,0,0.087,0,1,0,work
2025-05-05 16:35,EXC001,OP1001,1,0,0.0939,0,1,0,work
2025-05-05 16:36,EXC001,OP1001,1,0,0.0948,0,1,0,work
2025-05-05 16:37,EXC001,OP1001,1,0,0.0847,0,1,0,work
2025-05-05 16:38,EXC001,OP1001,1,0,0.0923,0,1,0,work
2025-05-05 16:39,EXC001,OP1001,1,0,0.09,0,1,0,work
2025-05-05 16:40,EXC001,OP1001,1,0,0.0793,0,1,0,work
2025-05-05 16:41,EXC001,OP1001,1,0,0.0825,0,1,0,work
2025-05-05 16:42,EXC001,OP1001,1,0,0.0915,0,1,0,work
2025-05-05 16:43,EXC001,OP1001,1,0,0.0905,0,1,0,work
2025-05-05 16:44,EXC001,OP1001,1,0,0.0808,0,1,0,work
2025-05-05 16:45,EXC001,OP1001,1,0,0.087,0,1,0,work
2025-05-05 16:46,EXC001,OP1001,1,0,0.0927,0,1,0,work
2025-05-05 16:47,EXC001,OP1001,1,0,0.0815,0,1,0,work
2025-05-05 16:48,EXC001,OP1001,1,0,0.0776,0,1,0,work
2025-05-05 16:49,EXC001,OP1001,1,0,0.09,0,1,0,work
2025-05-05 16:50,EXC001,OP1001,1,0,0.0947,0,1,0,work
2025-05-05 16:51,EXC001,OP1001,1,0,0.088,1,1,0,work
2025-05-05 16:52,EXC001,OP1001,1,0,0.0789,0,1,0,work
2025-05-05 16:53,EXC001,OP1001,1,0,0.0925,1,1,0,work
2025-05-05 16:54,EXC001,OP1001,1,0,0.0856,0,1,0,work
2025-05-05 16:55,EXC001,OP1001,1,0,0.0761,0,1,0,work
2025-05-05 16:56,EXC001,OP1001,1,0,0.0894,1,1,0,work
2025-05-05 16:57,EXC001,OP1001,1,0,0.0848,0,1,0,work
2025-05-05 16:58,EXC001,OP1001,1,0,0.0753,1,1,0,work
2025-05-05 16:59,EXC001,OP1001,1,0,0.0928,1,1,0,work
2025-05-05 17:00,EXC001,OP1001,1,0,0.0765,1,1,0,work
2025-05-05 17:01,EXC001,OP1001,1,0,0.0902,0,1,0,work
2025-05-05 17:02,EXC001,OP1001,1,0,0.0809,0,1,0,work
2025-05-05 17:03,EXC001,OP1001,1,0,0.0858,0,1,0,work
2025-05-05 17:04,EXC001,OP1001,1,0,0.0929,0,1,0,work
2025-05-05 17:05,EXC001,OP1001,1,0,0.0864,1,1,0,work
2025-05-05 17:06,EXC001,OP1001,1,0,0.0929,0,1,0,work
2025-05-05 17:07,EXC001,OP1001,1,0,0.0789,1,1,0,work
2025-05-05 17:08,EXC001,OP1001,1,0,0.0943,0,1,0,work
2025-05-05 17:09,EXC001,OP1001,1,0,0.0767,0,1,0,work
2025-05-05 17:10,EXC001,OP1001,1,0,0.0861,0,1,0,work
2025-05-05 17:11,EXC001,OP1001,1,0,0.0798,0,1,0,work
2025-05-05 17:12,EXC001,OP1001,1,0,0.0856,0,1,0,work
2025-05-05 17:13,EXC001,OP1001,1,0,0.09,0,1,0,work
2025-05-05 17:14,EXC001,OP1001,1,0,0.0914,0,1,0,work
2025-05-05 17:15,EXC001,OP1001,1,0,0.0901,0,1,0,work
2025-05-05 17:16,EXC001,OP1001,1,0,0.0773,0,1,0,work
2025-05-05 17:17,EXC001,OP1001,1,0,0.0933,0,1,0,work
2025-05-05 17:18,EXC001,OP1001,1,0,0.0767,0,1,1,work
2025-05-05 17:19,EXC001,OP1001,1,0,0.0853,0,1,0,work
2025-05-05 17:20,EXC001,OP1001,1,0,0.0856,1,1,0,work
2025-05-05 17:21,EXC001,OP1001,1,0,0.095,0,1,0,work
2025-05-05 17:22,EXC001,OP1001,1,0,0.0835,0,1,0,work
2025-05-05 17:23,EXC001,OP1001,1,0,0.0857,0,1,0,work
2025-05-05 17:24,EXC001,OP1001,1,0,0.0927,1,1,0,work
2025-05-05 17:25,EXC001,OP1001,1,0,0.0912,1,1,0,work
2025-05-05 17:26,EXC001,OP1001,1,0,0.0754,0,1,0,work
2025-05-05 17:27,EXC001,OP1001,1,0,0.0816,0,1,0,work
2025-05-05 17:28,EXC001,OP1001,1,0,0.0902,0,1,0,work
2025-05-05 17:29,EXC001,OP1001,1,0,0.0843,0,1,0,work
2025-05-05 17:30,EXC001,OP1001,1,0,0.0911,0,1,0,work
2025-05-05 17:31,EXC001,OP1001,1,0,0.075,0,1,0,work
2025-05-05 17:32,EXC001,OP1001,1,0,0.0857,0,1,0,work
2025-05-05 17:33,EXC001,OP1001,1,0,0.0763,0,1,0,work
2025-05-05 17:34,EXC001,OP1001,1,0,0.0756,0,1,0,work
2025-05-05 17:35,EXC001,OP1001,1,0,0.0909,0,1,0,work
2025-05-05 17:36,EXC001,OP1001,1,0,0.0806,1,1,0,work
2025-05-05 17:37,EXC001,OP1001,1,0,0.0766,0,1,0,work
2025-05-05 17:38,EXC001,OP1001,1,0,0.0814,1,1,0,work
2025-05-05 17:39,EXC001,OP1001,1,0,0.0832,0,1,0,work
2025-05-05 17:40,EXC001,OP1001,1,0,0.085,0,1,0,work
2025-05-05 17:41,EXC001,OP1001,1,0,0.0867,1,1,0,work
2025-05-05 17:42,EXC001,OP1001,1,0,0.0902,0,1,0,work
2025-05-05 17:43,EXC001,OP1001,1,0,0.0908,0,1,0,work
2025-05-05 17:44,EXC001,OP1001,1,0,0.0831,0,1,0,work
2025-05-05 17:45,EXC001,OP1001,1,0,0.0947,1,1,0,work
2025-05-05 17:46,EXC001,OP1001,1,0,0.0825,1,1,0,work
2025-05-05 17:47,EXC001,OP1001,1,0,0.0838,0,1,0,work
2025-05-05 17:48,EXC001,OP1001,1,0,0.0807,0,1,0,work
2025-05-05 17:49,EXC001,OP1001,1,0,0.0813,0,1,0,work
2025-05-05 17:50,EXC001,OP1001,1,0,0.0809,0,1,0,work
2025-05-05 17:51,EXC001,OP1001,1,0,0.0848,0,1,0,work
2025-05-05 17:52,EXC001,OP1001,1,0,0.0775,0,1,0,work
2025-05-05 17:53,EXC001,OP1001,1,0,0.0859,0,1,1,work
2025-05-05 17:54,EXC001,OP1001,1,0,0.0761,0,1,0,work
2025-05-05 17:55,EXC001,OP1001,1,0,0.0832,0,1,0,work
2025-05-05 17:56,EXC001,OP1001,1,0,0.0792,0,1,0,work
2025-05-05 17:57,EXC001,OP1001,1,0,0.0815,0,1,0,work
2025-05-05 17:58,EXC001,OP1001,1,0,0.0758,0,1,0,work
2025-05-05 17:59,EXC001,OP1001,1,0,0.0848,0,1,0,work
2025-05-06 08:00,EXC001,OP1001,1,0,0.0835,0,1,0,work
2025-05-06 08:01,EXC001,OP1001,1,0,0.0852,0,1,0,work
2025-05-06 08:02,EXC001,OP1001,1,0,0.0946,0,1,0,work
2025-05-06 08:03,EXC001,OP1001,1,0,0.0852,0,1,0,work
2025-05-06 08:04,EXC001,OP1001,1,0,0.092,0,1,0,work
2025-05-06 08:05,EXC001,OP1001,1,0,0.0919,0,1,0,work
2025-05-06 08:06,EXC001,OP1001,1,0,0.0834,0,1,0,work
2025-05-06 08:07,EXC001,OP1001,1,0,0.0872,0,1,0,work
2025-05-06 08:08,EXC001,OP1001,1,0,0.0929,0,1,0,work
2025-05-06 08:09,EXC001,OP1001,1,0,0.0782,0,1,0,work
2025-05-06 08:10,EXC001,OP1001,1,0,0.0878,0,1,0,work
2025-05-06 08:11,EXC001,OP1001,1,0,0.0835,0,1,0,work
2025-05-06 08:12,EXC001,OP1001,1,0,0.0912,1,1,0,work
2025-05-06 08:13,EXC001,OP1001,1,0,0.0948,1,1,0,work
2025-05-06 08:14,EXC001,OP1001,1,0,0.0895,0,1,0,work
2025-05-06 08:15,EXC001,OP1001,1,0,0.0825,0,1,0,work
2025-05-06 08:16,EXC001,OP1001,1,0,0.0917,1,1,0,work
2025-05-06 08:17,EXC001,OP1001,1,0,0.0783,1,1,0,work
2025-05-06 08:18,EXC001,OP1001,1,0,0.0766,0,1,0,work
2025-05-06 08:19,EXC001,OP1001,1,0,0.0863,0,1,0,work
2025-05-06 08:20,EXC001,OP1001,1,0,0.0753,1,1,0,work
2025-05-06 08:21,EXC001,OP1001,1,0,0.0832,0,1,0,work
2025-05-06 08:22,EXC001,OP1001,1,0,0.0904,0,1,0,work
2025-05-06 08:23,EXC001,OP1001,1,0,0.0881,0,1,0,work
2025-05-06 08:24,EXC001,OP1001,1,0,0.0948,0,1,0,work
2025-05-06 08:25,EXC001,OP1001,1,0,0.0942,1,1,0,work
2025-05-06 08:26,EXC001,OP1001,1,0,0.0772,0,1,0,work
2025-05-06 08:27,EXC001,OP1001,1,0,0.0849,1,1,0,work
2025-05-06 08:28,EXC001,OP1001,1,0,0.0758,0,1,0,work
2025-05-06 08:29,EXC001,OP1001,1,0,0.0897,0,1,0,work
2025-05-06 08:30,EXC001,OP1001,1,0,0.0906,0,1,0,work
2025-05-06 08:31,EXC001,OP1001,1,0,0.0871,0,1,0,work
2025-05-06 08:32,EXC001,OP1001,1,0,0.0895,0,1,0,work
2025-05-06 08:33,EXC001,OP1001,1,0,0.0766,0,1,0,work
2025-05-06 08:34,EXC001,OP1001,1,0,0.0774,1,1,0,work
2025-05-06 08:35,EXC001,OP1001,1,0,0.0923,1,1,0,work
2025-05-06 08:36,EXC001,OP1001,1,0,0.0934,0,1,0,work
2025-05-06 08:37,EXC001,OP1001,1,0,0.0899,1,1,0,work
2025-05-06 08:38,EXC001,OP1001,1,0,0.0887,0,1,0,work
2025-05-06 08:39,EXC001,OP1001,1,0,0.0869,0,1,0,work
2025-05-06 08:40,EXC001,OP1001,1,0,0.0785,0,1,0,work
2025-05-06 08:41,EXC001,OP1001,1,0,0.0934,0,1,0,work
2025-05-06 08:42,EXC001,OP1001,1,0,0.087,0,1,0,work
2025-05-06 08:43,EXC001,OP1001,1,0,0.0803,0,1,0,work
2025-05-06 08:44,EXC001,OP1001,1,0,0.0824,1,1,0,work
2025-05-06 08:45,EXC001,OP1001,1,0,0.0902,0,1,0,work
2025-05-06 08:46,EXC001,OP1001,1,0,0.0926,0,1,0,work
2025-05-06 08:47,EXC001,OP1001,1,0,0.0904,0,1,0,work
2025-05-06 08:48,EXC001,OP1001,1,0,0.0928,0,1,0,work
2025-05-06 08:49,EXC001,OP1001,1,0,0.0907,0,1,0,work
2025-05-06 08:50,EXC001,OP1001,1,0,0.0903,0,1,0,work
2025-05-06 08:51,EXC001,OP1001,1,0,0.0878,0,1,0,work
2025-05-06 08:52,EXC001,OP1001,1,0,0.0817,0,1,0,work
2025-05-06 08:53,EXC001,OP1001,1,0,0.0895,0,1,0,work
2025-05-06 08:54,EXC001,OP1001,1,0,0.0789,1,1,0,work
2025-05-06 08:55,EXC001,OP1001,1,0,0.0829,0,1,0,work
2025-05-06 08:56,EXC001,OP1001,1,0,0.0944,1,1,0,work
2025-05-06 08:57,EXC001,OP1001,1,0,0.078,1,1,0,work
2025-05-06 08:58,EXC001,OP1001,1,0,0.0794,0,1,0,work
2025-05-06 08:59,EXC001,OP1001,1,0,0.0898,0,1,0,work
2025-05-06 09:00,EXC001,OP1001,1,0,0.0879,0,1,0,work
2025-05-06 09:01,EXC001,OP1001,1,0,0.0903,0,1,0,work
2025-05-06 09:02,EXC001,OP1001,1,0,0.0846,0,1,0,work
2025-05-06 09:03,EXC001,OP1001,1,0,0.0839,0,1,0,work
2025-05-06 09:04,EXC001,OP1001,1,0,0.0767,0,1,0,work
2025-05-06 09:05,EXC001,OP1001,1,0,0.0923,0,1,0,work
2025-05-06 09:06,EXC001,OP1001,1,0,0.0756,0,1,0,work
2025-05-06 09:07,EXC001,OP1001,1,0,0.0882,0,1,0,work
2025-05-06 09:08,EXC001,OP1001,1,0,0.0823,0,1,0,work
2025-05-06 09:09,EXC001,OP1001,1,0,0.0838,0,1,0,work
2025-05-06 09:10,EXC001,OP1001,1,0,0.0844,0,1,0,work
2025-05-06 09:11,EXC001,OP1001,1,0,0.0858,1,1,0,work
2025-05-06 09:12,EXC001,OP1001,1,0,0.0754,0,1,0,work
2025-05-06 09:13,EXC001,OP1001,1,0,0.0905,1,1,0,work
2025-05-06 09:14,EXC001,OP1001,1,0,0.0934,0,1,0,work
2025-05-06 09:15,EXC001,OP1001,1,0,0.0856,1,1,0,work
2025-05-06 09:16,EXC001,OP1001,1,0,0.0906,0,1,0,work
2025-05-06 09:17,EXC001,OP1001,1,0,0.0775,0,1,0,work
2025-05-06 09:18,EXC001,OP1001,1,0,0.0905,0,1,0,work
2025-05-06 09:19,EXC001,OP1001,1,0,0.0768,0,1,0,work
2025-05-06 09:20,EXC001,OP1001,1,0,0.0845,0,1,0,work
2025-05-06 09:21,EXC001,OP1001,1,0,0.0784,0,1,0,work
2025-05-06 09:22,EXC001,OP1001,1,0,0.0775,0,1,0,work
2025-05-06 09:23,EXC001,OP1001,1,0,0.0842,0,1,0,work
2025-05-06 09:24,EXC001,OP1001,1,0,0.0785,1,1,0,work
2025-05-06 09:25,EXC001,OP1001,1,0,0.0791,0,1,0,work
2025-05-06 09:26,EXC001,OP1001,1,0,0.0794,1,1,0,work
2025-05-06 09:27,EXC001,OP1001,1,0,0.0911,1,1,0,work
2025-05-06 09:28,EXC001,OP1001,1,0,0.0805,0,1,0,work
2025-05-06 09:29,EXC001,OP1001,1,0,0.0772,0,1,0,work
2025-05-06 09:30,EXC001,OP1001,1,0,0.0938,0,1,0,work
2025-05-06 09:31,EXC001,OP1001,1,0,0.0913,0,1,0,work
2025-05-06 09:32,EXC001,OP1001,1,0,0.0799,0,1,0,work
2025-05-06 09:33,EXC001,OP1001,1,0,0.0782,0,1,0,work
2025-05-06 09:34,EXC001,OP1001,1,0,0.0788,0,1,0,work
2025-05-06 09:35,EXC001,OP1001,1,0,0.0785,0,1,0,work
2025-05-06 09:36,EXC001,OP1001,1,1,0.0348,0,1,0,short_idle
2025-05-06 09:37,EXC001,OP1001,1,1,0.034,0,1,0,short_idle
2025-05-06 09:38,EXC001,OP1001,1,1,0.0351,0,1,0,short_idle
2025-05-06 09:39,EXC001,OP1001,1,1,0.0341,0,1,0,short_idle
2025-05-06 09:40,EXC001,OP1001,1,1,0.0396,0,1,0,short_idle
2025-05-06 09:41,EXC001,OP1001,1,1,0.0301,0,1,0,short_idle
2025-05-06 09:42,EXC001,OP1001,1,1,0.0395,0,1,0,short_idle
2025-05-06 09:43,EXC001,OP1001,1,1,0.0341,0,1,0,short_idle
2025-05-06 09:44,EXC001,OP1001,1,1,0.0362,0,0,0,long_idle_unbelted
2025-05-06 09:45,EXC001,OP1001,1,1,0.0311,0,0,0,long_idle_unbelted
2025-05-06 09:46,EXC001,OP1001,1,1,0.0395,0,0,0,long_idle_unbelted
2025-05-06 09:47,EXC001,OP1001,1,1,0.0372,0,0,0,long_idle_unbelted
2025-05-06 09:48,EXC001,OP1001,1,1,0.0379,0,0,0,long_idle_unbelted
2025-05-06 09:49,EXC001,OP1001,1,1,0.0392,0,0,0,long_idle_unbelted
2025-05-06 09:50,EXC001,OP1001,1,1,0.0379,0,0,0,long_idle_unbelted
2025-05-06 09:51,EXC001,OP1001,1,1,0.0352,0,1,0,long_idle_unbelted
2025-05-06 09:52,EXC001,OP1001,1,1,0.0389,0,0,0,long_idle_unbelted
2025-05-06 09:53,EXC001,OP1001,1,1,0.0366,0,1,0,long_idle_unbelted
2025-05-06 09:54,EXC001,OP1001,1,1,0.0349,0,0,0,long_idle_unbelted
2025-05-06 09:55,EXC001,OP1001,1,1,0.0381,0,0,0,long_idle_unbelted
2025-05-06 09:56,EXC001,OP1001,1,1,0.0394,0,0,0,long_idle_unbelted
2025-05-06 09:57,EXC001,OP1001,1,1,0.0307,0,1,0,long_idle_unbelted
2025-05-06 09:58,EXC001,OP1001,1,1,0.0336,0,0,0,long_idle_unbelted
2025-05-06 09:59,EXC001,OP1001,1,1,0.0398,0,0,0,long_idle_unbelted
2025-05-06 10:00,EXC001,OP1001,1,1,0.0399,0,0,0,long_idle_unbelted
2025-05-06 10:01,EXC001,OP1001,1,1,0.0341,0,0,0,long_idle_unbelted
2025-05-06 10:02,EXC001,OP1001,1,1,0.0343,0,0,0,long_idle_unbelted
2025-05-06 10:03,EXC001,OP1001,1,1,0.03,0,0,0,long_idle_unbelted
2025-05-06 10:04,EXC001,OP1001,1,1,0.0375,0,0,0,long_idle_unbelted
2025-05-06 10:05,EXC001,OP1001,1,1,0.0352,0,0,0,long_idle_unbelted
2025-05-06 10:06,EXC001,OP1001,1,1,0.0353,0,1,0,long_idle_unbelted
2025-05-06 10:07,EXC001,OP1001,1,1,0.0384,0,0,0,long_idle_unbelted
2025-05-06 10:08,EXC001,OP1001,1,1,0.0346,0,1,0,long_idle_unbelted
2025-05-06 10:09,EXC001,OP1001,1,1,0.0354,0,0,0,long_idle_unbelted
2025-05-06 10:10,EXC001,OP1001,1,1,0.0376,0,1,0,long_idle_unbelted
2025-05-06 10:11,EXC001,OP1001,1,1,0.0317,0,1,0,long_idle_unbelted
2025-05-06 10:12,EXC001,OP1001,1,1,0.0315,0,0,0,long_idle_unbelted
2025-05-06 10:13,EXC001,OP1001,1,1,0.0355,0,1,0,long_idle_unbelted
2025-05-06 10:14,EXC001,OP1001,1,1,0.0316,0,0,0,long_idle_unbelted
2025-05-06 10:15,EXC001,OP1001,1,1,0.0374,0,0,0,long_idle_unbelted
2025-05-06 10:16,EXC001,OP1001,1,1,0.035,0,0,0,long_idle_unbelted
2025-05-06 10:17,EXC001,OP1001,1,1,0.0334,0,1,0,long_idle_unbelted
2025-05-06 10:18,EXC001,OP1001,1,1,0.0378,0,0,0,long_idle_unbelted
2025-05-06 10:19,EXC001,OP1001,1,1,0.0351,0,1,0,long_idle_unbelted
2025-05-06 10:20,EXC001,OP1001,1,1,0.038,0,0,0,long_idle_unbelted
2025-05-06 10:21,EXC001,OP1001,1,1,0.0399,0,0,0,long_idle_unbelted
2025-05-06 10:22,EXC001,OP1001,1,1,0.0355,0,0,0,long_idle_unbelted
2025-05-06 10:23,EXC001,OP1001,1,1,0.0341,0,0,0,long_idle_unbelted
2025-05-06 10:24,EXC001,OP1001,1,1,0.0319,0,0,0,long_idle_unbelted
2025-05-06 10:25,EXC001,OP1001,1,1,0.0301,0,1,0,long_idle_unbelted
2025-05-06 10:26,EXC001,OP1001,1,0,0.0803,0,1,0,work
2025-05-06 10:27,EXC001,OP1001,1,0,0.0921,0,1,0,work
2025-05-06 10:28,EXC001,OP1001,1,0,0.0948,0,1,0,work
2025-05-06 10:29,EXC001,OP1001,1,0,0.0901,1,1,0,work
2025-05-06 10:30,EXC001,OP1001,1,0,0.0804,0,1,0,work
2025-05-06 10:31,EXC001,OP1001,1,0,0.0835,0,1,0,work
2025-05-06 10:32,EXC001,OP1001,1,0,0.0783,0,1,0,work
2025-05-06 10:33,EXC001,OP1001,1,0,0.0924,0,1,0,work
2025-05-06 10:34,EXC001,OP1001,1,0,0.0777,0,1,0,work
2025-05-06 10:35,EXC001,OP1001,1,0,0.085,0,1,0,work
2025-05-06 10:36,EXC001,OP1001,1,0,0.0908,1,1,0,work
2025-05-06 10:37,EXC001,OP1001,1,0,0.0781,0,1,0,work
2025-05-06 10:38,EXC001,OP1001,1,0,0.0819,0,1,0,work
2025-05-06 10:39,EXC001,OP1001,1,0,0.0792,0,1,0,work
2025-05-06 10:40,EXC001,OP1001,1,0,0.0926,1,1,0,work
2025-05-06 10:41,EXC001,OP1001,1,0,0.0759,0,1,0,work
2025-05-06 10:42,EXC001,OP1001,1,0,0.0935,0,1,0,work
2025-05-06 10:43,EXC001,OP1001,1,0,0.0787,0,1,0,work
2025-05-06 10:44,EXC001,OP1001,1,0,0.0842,1,1,0,work
2025-05-06 10:45,EXC001,OP1001,1,0,0.0754,0,1,0,work
2025-05-06 10:46,EXC001,OP1001,1,0,0.0929,1,1,0,work
2025-05-06 10:47,EXC001,OP1001,1,0,0.0857,0,1,0,work
2025-05-06 10:48,EXC001,OP1001,1,0,0.0804,0,1,0,work
2025-05-06 10:49,EXC001,OP1001,1,0,0.0754,0,1,0,work
2025-05-06 10:50,EXC001,OP1001,1,0,0.0887,0,1,0,work
2025-05-06 10:51,EXC001,OP1001,1,0,0.0799,1,1,0,work
2025-05-06 10:52,EXC001,OP1001,1,0,0.078,1,1,0,work
2025-05-06 10:53,EXC001,OP1001,1,0,0.0856,0,1,0,work
2025-05-06 10:54,EXC001,OP1001,1,0,0.0915,0,1,0,work
2025-05-06 10:55,EXC001,OP1001,1,0,0.0908,1,1,0,work
2025-05-06 10:56,EXC001,OP1001,1,0,0.0787,1,1,0,work
2025-05-06 10:57,EXC001,OP1001,1,0,0.0869,1,1,0,work
2025-05-06 10:58,EXC001,OP1001,1,0,0.094,0,1,0,work
2025-05-06 10:59,EXC001,OP1001,1,0,0.0791,0,1,0,work
2025-05-06 11:00,EXC001,OP1001,1,0,0.0786,0,1,0,work
2025-05-06 11:01,EXC001,OP1001,1,0,0.079,0,1,0,work
2025-05-06 11:02,EXC001,OP1001,1,0,0.0767,1,1,0,work
2025-05-06 11:03,EXC001,OP1001,1,0,0.083,0,1,0,work
2025-05-06 11:04,EXC001,OP1001,1,0,0.0782,1,1,0,work
2025-05-06 11:05,EXC001,OP1001,1,0,0.0765,1,1,0,work
2025-05-06 11:06,EXC001,OP1001,1,0,0.0754,0,1,0,work
2025-05-06 11:07,EXC001,OP1001,1,0,0.0845,0,1,0,work
2025-05-06 11:08,EXC001,OP1001,1,0,0.0818,0,1,0,work
2025-05-06 11:09,EXC001,OP1001,1,0,0.0873,0,1,0,work
2025-05-06 11:10,EXC001,OP1001,1,0,0.0926,0,1,0,work
2025-05-06 11:11,EXC001,OP1001,1,0,0.0793,0,1,0,work
2025-05-06 11:12,EXC001,OP1001,1,0,0.0797,0,1,0,work
2025-05-06 11:13,EXC001,OP1001,1,0,0.0762,0,1,0,work
2025-05-06 11:14,EXC001,OP1001,1,0,0.0787,0,1,0,work
2025-05-06 11:15,EXC001,OP1001,1,0,0.0857,0,1,0,work
2025-05-06 11:16,EXC001,OP1001,1,0,0.0836,0,1,0,work
2025-05-06 11:17,EXC001,OP1001,1,0,0.0929,0,1,0,work
2025-05-06 11:18,EXC001,OP1001,1,0,0.0815,0,1,0,work
2025-05-06 11:19,EXC001,OP1001,1,0,0.0766,0,1,0,work
2025-05-06 11:20,EXC001,OP1001,1,0,0.0937,0,1,0,work
2025-05-06 11:21,EXC001,OP1001,1,0,0.0799,0,1,0,work
2025-05-06 11:22,EXC001,OP1001,1,0,0.0913,0,1,0,work
2025-05-06 11:23,EXC001,OP1001,1,0,0.0809,0,1,0,work
2025-05-06 11:24,EXC001,OP1001,1,0,0.0845,0,1,0,work
2025-05-06 11:25,EXC001,OP1001,1,0,0.0794,0,1,0,work
2025-05-06 11:26,EXC001,OP1001,1,0,0.0898,0,1,0,work
2025-05-06 11:27,EXC001,OP1001,1,0,0.0871,0,1,0,work
2025-05-06 11:28,EXC001,OP1001,1,0,0.0775,0,1,0,work
2025-05-06 11:29,EXC001,OP1001,1,0,0.0843,0,1,0,work
2025-05-06 11:30,EXC001,OP1001,1,0,0.0911,0,1,0,work
2025-05-06 11:31,EXC001,OP1001,1,0,0.083,0,1,0,work
2025-05-06 11:32,EXC001,OP1001,1,0,0.0945,0,1,0,work
2025-05-06 11:33,EXC001,OP1001,1,0,0.0766,0,1,0,work
2025-05-06 11:34,EXC001,OP1001,1,0,0.0913,0,1,0,work
2025-05-06 11:35,EXC001,OP1001,1,0,0.0908,0,1,0,work
2025-05-06 11:36,EXC001,OP1001,1,0,0.0814,0,1,0,work
2025-05-06 11:37,EXC001,OP1001,1,0,0.0936,0,1,0,work
2025-05-06 11:38,EXC001,OP1001,1,0,0.0927,0,1,0,work
2025-05-06 11:39,EXC001,OP1001,1,0,0.0788,1,1,0,work
2025-05-06 11:40,EXC001,OP1001,1,0,0.0909,0,1,0,work
2025-05-06 11:41,EXC001,OP1001,1,0,0.0781,1,1,0,work
2025-05-06 11:42,EXC001,OP1001,1,0,0.0776,0,1,0,work
2025-05-06 11:43,EXC001,OP1001,1,0,0.0925,0,1,0,work
2025-05-06 11:44,EXC001,OP1001,1,0,0.08,0,1,0,work
2025-05-06 11:45,EXC001,OP1001,1,0,0.0895,0,1,0,work
2025-05-06 11:46,EXC001,OP1001,1,0,0.0921,0,1,1,work
2025-05-06 11:47,EXC001,OP1001,1,0,0.0867,1,1,0,work
2025-05-06 11:48,EXC001,OP1001,1,0,0.0812,0,1,0,work
2025-05-06 11:49,EXC001,OP1001,1,0,0.0821,0,1,0,work
2025-05-06 11:50,EXC001,OP1001,1,0,0.0756,1,1,0,work
2025-05-06 11:51,EXC001,OP1001,1,0,0.0778,1,1,0,work
2025-05-06 11:52,EXC001,OP1001,1,0,0.0863,0,1,0,work
2025-05-06 11:53,EXC001,OP1001,1,0,0.0761,0,1,0,work
2025-05-06 11:54,EXC001,OP1001,1,0,0.0883,0,1,1,work
2025-05-06 11:55,EXC001,OP1001,1,0,0.0765,1,1,0,work
2025-05-06 11:56,EXC001,OP1001,1,0,0.0778,1,1,0,work
2025-05-06 11:57,EXC001,OP1001,1,0,0.0935,1,1,0,work
2025-05-06 11:58,EXC001,OP1001,1,0,0.0909,0,1,0,work
2025-05-06 11:59,EXC001,OP1001,1,0,0.0906,0,1,0,work
2025-05-06 12:00,EXC001,OP1001,1,0,0.0908,1,1,0,work
2025-05-06 12:01,EXC001,OP1001,1,0,0.0827,0,1,0,work
2025-05-06 12:02,EXC001,OP1001,1,0,0.0877,1,1,0,work
2025-05-06 12:03,EXC001,OP1001,1,0,0.0805,1,1,0,work
2025-05-06 12:04,EXC001,OP1001,1,0,0.0935,0,1,0,work
2025-05-06 12:05,EXC001,OP1001,1,0,0.0874,0,1,0,work
2025-05-06 12:06,EXC001,OP1001,1,0,0.0778,0,1,0,work
2025-05-06 12:07,EXC001,OP1001,1,0,0.0873,1,1,0,work
2025-05-06 12:08,EXC001,OP1001,1,0,0.0801,1,1,0,work
2025-05-06 12:09,EXC001,OP1001,1,0,0.0889,0,1,0,work
2025-05-06 12:10,EXC001,OP1001,1,0,0.0912,0,1,0,work
2025-05-06 12:11,EXC001,OP1001,1,0,0.0803,1,1,0,work
2025-05-06 12:12,EXC001,OP1001,1,0,0.0944,0,1,0,work
2025-05-06 12:13,EXC001,OP1001,1,0,0.0931,0,1,0,work
2025-05-06 12:14,EXC001,OP1001,1,0,0.0831,1,1,0,work
2025-05-06 12:15,EXC001,OP1001,1,0,0.0785,0,1,0,work
2025-05-06 12:16,EXC001,OP1001,1,0,0.0916,1,1,0,work
2025-05-06 12:17,EXC001,OP1001,1,0,0.0931,0,1,0,work
2025-05-06 12:18,EXC001,OP1001,1,0,0.0836,0,1,0,work
2025-05-06 12:19,EXC001,OP1001,1,0,0.0925,1,1,0,work
2025-05-06 12:20,EXC001,OP1001,1,0,0.0823,0,1,0,work
2025-05-06 12:21,EXC001,OP1001,1,0,0.0925,0,1,0,work
2025-05-06 12:22,EXC001,OP1001,1,0,0.0768,1,1,0,work
2025-05-06 12:23,EXC001,OP1001,1,0,0.0817,1,1,0,work
2025-05-06 12:24,EXC001,OP1001,1,0,0.088,0,1,0,work
2025-05-06 12:25,EXC001,OP1001,1,0,0.0908,0,1,0,work
2025-05-06 12:26,EXC001,OP1001,1,0,0.0887,0,1,0,work
2025-05-06 12:27,EXC001,OP1001,1,0,0.0804,0,1,0,work
2025-05-06 12:28,EXC001,OP1001,1,0,0.095,0,1,0,work
2025-05-06 12:29,EXC001,OP1001,1,0,0.0842,0,1,0,work
2025-05-06 12:30,EXC001,OP1001,1,0,0.0858,0,1,0,work
2025-05-06 12:31,EXC001,OP1001,1,0,0.0816,0,1,0,work
2025-05-06 12:32,EXC001,OP1001,1,0,0.093,1,1,0,work
2025-05-06 12:33,EXC001,OP1001,1,0,0.0921,0,1,0,work
2025-05-06 12:34,EXC001,OP1001,1,0,0.089,1,1,0,work
2025-05-06 12:35,EXC001,OP1001,1,0,0.0927,0,1,0,work
2025-05-06 12:36,EXC001,OP1001,1,0,0.0818,0,1,0,work
2025-05-06 12:37,EXC001,OP1001,1,0,0.0926,0,1,0,work
2025-05-06 12:38,EXC001,OP1001,1,0,0.0806,0,1,0,work
2025-05-06 12:39,EXC001,OP1001,1,0,0.0928,1,1,0,work
2025-05-06 12:40,EXC001,OP1001,1,0,0.0806,0,1,0,work
2025-05-06 12:41,EXC001,OP1001,1,0,0.0919,0,1,0,work
2025-05-06 12:42,EXC001,OP1001,1,0,0.0801,0,1,0,work
2025-05-06 12:43,EXC001,OP1001,1,0,0.0758,0,1,0,work
2025-05-06 12:44,EXC001,OP1001,1,0,0.0916,0,1,0,work
2025-05-06 12:45,EXC001,OP1001,1,0,0.078,0,1,0,work
2025-05-06 12:46,EXC001,OP1001,1,0,0.0912,0,1,0,work
2025-05-06 12:47,EXC001,OP1001,1,0,0.0856,0,1,0,work
2025-05-06 12:48,EXC001,OP1001,1,0,0.0902,0,1,0,work
2025-05-06 12:49,EXC001,OP1001,1,0,0.0844,0,1,0,work
2025-05-06 12:50,EXC001,OP1001,1,0,0.0923,0,1,0,work
2025-05-06 12:51,EXC001,OP1001,1,0,0.0783,1,1,0,work
2025-05-06 12:52,EXC001,OP1001,1,0,0.0834,1,1,0,work
2025-05-06 12:53,EXC001,OP1001,1,0,0.0921,0,1,0,work
2025-05-06 12:54,EXC001,OP1001,1,0,0.0917,0,1,0,work
2025-05-06 12:55,EXC001,OP1001,1,0,0.0887,0,1,0,work
2025-05-06 12:56,EXC001,OP1001,1,0,0.0776,1,1,0,work
2025-05-06 12:57,EXC001,OP1001,1,0,0.0926,0,1,0,work
2025-05-06 12:58,EXC001,OP1001,1,0,0.0795,0,1,0,work
2025-05-06 12:59,EXC001,OP1001,1,0,0.089,0,1,1,work
2025-05-06 13:00,EXC001,OP1001,1,0,0.077,0,1,0,work
2025-05-06 13:01,EXC001,OP1001,1,0,0.0878,0,1,0,work
2025-05-06 13:02,EXC001,OP1001,1,0,0.0779,0,1,0,work
2025-05-06 13:03,EXC001,OP1001,1,0,0.0777,0,1,0,work
2025-05-06 13:04,EXC001,OP1001,1,0,0.0831,1,1,0,work
2025-05-06 13:05,EXC001,OP1001,1,0,0.0878,0,1,0,work
2025-05-06 13:06,EXC001,OP1001,1,0,0.093,0,1,0,work
2025-05-06 13:07,EXC001,OP1001,1,0,0.0874,0,1,0,work
2025-05-06 13:08,EXC001,OP1001,1,0,0.0895,0,1,1,work
2025-05-06 13:09,EXC001,OP1001,1,0,0.0905,0,1,0,work
2025-05-06 13:10,EXC001,OP1001,1,0,0.0836,0,1,0,work
2025-05-06 13:11,EXC001,OP1001,1,0,0.0857,0,1,0,work
2025-05-06 13:12,EXC001,OP1001,1,0,0.0827,0,1,0,work
2025-05-06 13:13,EXC001,OP1001,1,0,0.0898,0,1,0,work
2025-05-06 13:14,EXC001,OP1001,1,0,0.0831,0,1,0,work
2025-05-06 13:15,EXC001,OP1001,1,0,0.0876,0,1,0,work
2025-05-06 13:16,EXC001,OP1001,1,0,0.0782,0,1,0,work
2025-05-06 13:17,EXC001,OP1001,1,0,0.0903,0,1,0,work
2025-05-06 13:18,EXC001,OP1001,1,0,0.0762,0,1,0,work
2025-05-06 13:19,EXC001,OP1001,1,0,0.0901,1,1,0,work
2025-05-06 13:20,EXC001,OP1001,1,0,0.0889,0,1,0,work
2025-05-06 13:21,EXC001,OP1001,1,0,0.0801,0,1,0,work
2025-05-06 13:22,EXC001,OP1001,1,0,0.0809,0,1,0,work
2025-05-06 13:23,EXC001,OP1001,1,0,0.0925,0,1,0,work
2025-05-06 13:24,EXC001,OP1001,1,0,0.0853,0,1,0,work
2025-05-06 13:25,EXC001,OP1001,1,0,0.0875,0,1,0,work
2025-05-06 13:26,EXC001,OP1001,1,0,0.0901,0,1,0,work
2025-05-06 13:27,EXC001,OP1001,1,0,0.0873,1,1,0,work
2025-05-06 13:28,EXC001,OP1001,1,0,0.0941,0,1,0,work
2025-05-06 13:29,EXC001,OP1001,1,0,0.0777,0,1,0,work
2025-05-06 13:30,EXC001,OP1001,1,0,0.0762,0,1,0,work
2025-05-06 13:31,EXC001,OP1001,1,0,0.0754,0,1,0,work
2025-05-06 13:32,EXC001,OP1001,1,0,0.0822,0,1,0,work
2025-05-06 13:33,EXC001,OP1001,1,0,0.0756,0,1,0,work
2025-05-06 13:34,EXC001,OP1001,1,0,0.0753,0,1,0,work
2025-05-06 13:35,EXC001,OP1001,1,0,0.0906,0,1,0,work
2025-05-06 13:36,EXC001,OP1001,1,0,0.0801,0,1,0,work
2025-05-06 13:37,EXC001,OP1001,1,0,0.0852,0,1,0,work
2025-05-06 13:38,EXC001,OP1001,1,0,0.0837,0,1,0,work
2025-05-06 13:39,EXC001,OP1001,1,0,0.0844,0,1,0,work
2025-05-06 13:40,EXC001,OP1001,1,0,0.0865,1,1,0,work
2025-05-06 13:41,EXC001,OP1001,1,0,0.0801,1,1,0,work
2025-05-06 13:42,EXC001,OP1001,1,0,0.0837,1,1,0,work
2025-05-06 13:43,EXC001,OP1001,1,0,0.0808,0,1,0,work
2025-05-06 13:44,EXC001,OP1001,1,0,0.0818,0,1,0,work
2025-05-06 13:45,EXC001,OP1001,1,0,0.092,0,1,0,work
2025-05-06 13:46,EXC001,OP1001,1,0,0.0851,0,1,0,work
2025-05-06 13:47,EXC001,OP1001,1,0,0.0796,1,1,0,work
2025-05-06 13:48,EXC001,OP1001,1,0,0.0885,0,1,0,work
2025-05-06 13:49,EXC001,OP1001,1,0,0.0763,0,1,0,work
2025-05-06 13:50,EXC001,OP1001,1,0,0.0893,0,1,0,work
2025-05-06 13:51,EXC001,OP1001,1,0,0.0761,0,1,0,work
2025-05-06 13:52,EXC001,OP1001,1,0,0.0828,0,1,0,work
2025-05-06 13:53,EXC001,OP1001,1,0,0.0779,0,1,0,work
2025-05-06 13:54,EXC001,OP1001,1,0,0.0821,0,1,0,work
2025-05-06 13:55,EXC001,OP1001,1,0,0.0885,0,1,0,work
2025-05-06 13:56,EXC001,OP1001,1,0,0.0854,0,1,0,work
2025-05-06 13:57,EXC001,OP1001,1,0,0.0781,0,1,0,work
2025-05-06 13:58,EXC001,OP1001,1,0,0.0883,1,1,0,work
2025-05-06 13:59,EXC001,OP1001,1,0,0.0855,1,1,0,work
2025-05-06 14:00,EXC001,OP1001,1,0,0.0813,0,1,0,work
2025-05-06 14:01,EXC001,OP1001,1,0,0.0898,0,1,0,work
2025-05-06 14:02,EXC001,OP1001,1,0,0.0764,0,1,0,work
2025-05-06 14:03,EXC001,OP1001,1,0,0.0766,0,1,0,work
2025-05-06 14:04,EXC001,OP1001,1,0,0.088,0,1,0,work
2025-05-06 14:05,EXC001,OP1001,1,0,0.0826,0,1,0,work
2025-05-06 14:06,EXC001,OP1001,1,0,0.0942,0,1,0,work
2025-05-06 14:07,EXC001,OP1001,1,0,0.0799,0,1,0,work
2025-05-06 14:08,EXC001,OP1001,1,0,0.0786,0,1,0,work
2025-05-06 14:09,EXC001,OP1001,1,0,0.0803,1,0,0,work
2025-05-06 14:10,EXC001,OP1001,1,0,0.0855,0,1,0,work
2025-05-06 14:11,EXC001,OP1001,1,0,0.0935,0,1,0,work
2025-05-06 14:12,EXC001,OP1001,1,0,0.0824,0,1,0,work
2025-05-06 14:13,EXC001,OP1001,1,0,0.0815,0,1,0,work
2025-05-06 14:14,EXC001,OP1001,1,0,0.0822,0,1,0,work
2025-05-06 14:15,EXC001,OP1001,1,0,0.09,0,1,0,work
2025-05-06 14:16,EXC001,OP1001,1,0,0.0821,0,1,0,work
2025-05-06 14:17,EXC001,OP1001,1,0,0.0841,0,1,0,work
2025-05-06 14:18,EXC001,OP1001,1,0,0.0801,1,1,0,work
2025-05-06 14:19,EXC001,OP1001,1,0,0.0886,0,1,0,work
2025-05-06 14:20,EXC001,OP1001,1,0,0.0787,1,1,0,work
2025-05-06 14:21,EXC001,OP1001,1,0,0.0818,0,1,0,work
2025-05-06 14:22,EXC001,OP1001,1,1,0.0389,0,1,0,short_idle
2025-05-06 14:23,EXC001,OP1001,1,1,0.0347,0,1,0,short_idle
2025-05-06 14:24,EXC001,OP1001,1,1,0.0304,0,1,0,short_idle
2025-05-06 14:25,EXC001,OP1001,1,1,0.0373,0,1,0,short_idle
2025-05-06 14:26,EXC001,OP1001,1,1,0.034,0,1,0,short_idle
2025-05-06 14:27,EXC001,OP1001,1,1,0.0368,0,1,0,short_idle
2025-05-06 14:28,EXC001,OP1001,1,1,0.0392,0,1,0,short_idle
2025-05-06 14:29,EXC001,OP1001,1,1,0.0335,0,1,0,short_idle
2025-05-06 14:30,EXC001,OP1001,1,1,0.0388,0,1,0,short_idle
2025-05-06 14:31,EXC001,OP1001,1,0,0.0882,0,1,0,work
2025-05-06 14:32,EXC001,OP1001,1,0,0.0845,0,1,0,work
2025-05-06 14:33,EXC001,OP1001,1,0,0.0883,0,1,0,work
2025-05-06 14:34,EXC001,OP1001,1,0,0.0893,0,1,0,work
2025-05-06 14:35,EXC001,OP1001,1,0,0.0756,0,1,0,work
2025-05-06 14:36,EXC001,OP1001,1,0,0.085,0,1,0,work
2025-05-06 14:37,EXC001,OP1001,1,0,0.078,1,1,0,work
2025-05-06 14:38,EXC001,OP1001,1,0,0.0926,0,1,0,work
2025-05-06 14:39,EXC001,OP1001,1,0,0.0886,0,1,0,work
2025-05-06 14:40,EXC001,OP1001,1,0,0.0862,0,1,0,work
2025-05-06 14:41,EXC001,OP1001,1,0,0.0817,0,1,0,work
2025-05-06 14:42,EXC001,OP1001,1,0,0.0916,0,1,0,work
2025-05-06 14:43,EXC001,OP1001,1,0,0.094,0,1,0,work
2025-05-06 14:44,EXC001,OP1001,1,0,0.0841,0,1,0,work
2025-05-06 14:45,EXC001,OP1001,1,0,0.0903,0,1,0,work
2025-05-06 14:46,EXC001,OP1001,1,0,0.0913,0,1,0,work
2025-05-06 14:47,EXC001,OP1001,1,0,0.0782,0,1,0,work
2025-05-06 14:48,EXC001,OP1001,1,0,0.094,0,1,0,work
2025-05-06 14:49,EXC001,OP1001,1,0,0.0855,1,1,0,work
2025-05-06 14:50,EXC001,OP1001,1,0,0.0816,0,1,0,work
2025-05-06 14:51,EXC001,OP1001,1,0,0.0876,0,1,0,work
2025-05-06 14:52,EXC001,OP1001,1,0,0.0772,1,1,0,work
2025-05-06 14:53,EXC001,OP1001,1,0,0.0795,1,1,0,work
2025-05-06 14:54,EXC001,OP1001,1,0,0.0861,0,1,0,work
2025-05-06 14:55,EXC001,OP1001,1,0,0.0826,0,1,0,work
2025-05-06 14:56,EXC001,OP1001,1,0,0.0933,0,1,0,work
2025-05-06 14:57,EXC001,OP1001,1,0,0.0784,1,1,0,work
2025-05-06 14:58,EXC001,OP1001,1,0,0.0794,0,1,0,work
2025-05-06 14:59,EXC001,OP1001,1,0,0.0823,1,1,0,work
2025-05-06 15:00,EXC001,OP1001,1,0,0.0857,1,1,0,work
2025-05-06 15:01,EXC001,OP1001,1,0,0.0856,0,1,0,work
2025-05-06 15:02,EXC001,OP1001,1,0,0.0764,0,1,1,work
2025-05-06 15:03,EXC001,OP1001,1,0,0.0756,0,1,0,work
2025-05-06 15:04,EXC001,OP1001,1,0,0.0834,0,1,0,work
2025-05-06 15:05,EXC001,OP1001,1,0,0.0919,0,1,0,work
2025-05-06 15:06,EXC001,OP1001,1,0,0.0926,0,1,0,work
2025-05-06 15:07,EXC001,OP1001,1,0,0.079,0,1,0,work
2025-05-06 15:08,EXC001,OP1001,1,0,0.0821,0,1,0,work
2025-05-06 15:09,EXC001,OP1001,1,0,0.0754,0,1,0,work
2025-05-06 15:10,EXC001,OP1001,1,0,0.0879,1,1,0,work
2025-05-06 15:11,EXC001,OP1001,1,0,0.0794,0,1,0,work
2025-05-06 15:12,EXC001,OP1001,1,0,0.0933,0,1,0,work
2025-05-06 15:13,EXC001,OP1001,1,0,0.0931,0,1,0,work
2025-05-06 15:14,EXC001,OP1001,1,0,0.0829,0,1,0,work
2025-05-06 15:15,EXC001,OP1001,1,0,0.0909,1,1,0,work
2025-05-06 15:16,EXC001,OP1001,1,0,0.0751,0,1,0,work
2025-05-06 15:17,EXC001,OP1001,1,0,0.0926,1,1,0,work
2025-05-06 15:18,EXC001,OP1001,1,0,0.077,0,1,0,work
2025-05-06 15:19,EXC001,OP1001,1,0,0.0887,0,1,0,work
2025-05-06 15:20,EXC001,OP1001,1,0,0.0915,0,1,0,work
2025-05-06 15:21,EXC001,OP1001,1,0,0.0782,0,1,0,work
2025-05-06 15:22,EXC001,OP1001,1,0,0.0906,0,1,0,work
2025-05-06 15:23,EXC001,OP1001,1,0,0.084,0,1,0,work
2025-05-06 15:24,EXC001,OP1001,1,0,0.0878,0,1,0,work
2025-05-06 15:25,EXC001,OP1001,1,0,0.0775,1,1,0,work
2025-05-06 15:26,EXC001,OP1001,1,0,0.0943,0,1,0,work
2025-05-06 15:27,EXC001,OP1001,1,0,0.0794,0,1,0,work
2025-05-06 15:28,EXC001,OP1001,1,0,0.0894,0,1,0,work
2025-05-06 15:29,EXC001,OP1001,1,0,0.0911,0,1,0,work
2025-05-06 15:30,EXC001,OP1001,1,0,0.0904,0,1,0,work
2025-05-06 15:31,EXC001,OP1001,1,0,0.084,0,1,0,work
2025-05-06 15:32,EXC001,OP1001,1,0,0.0828,0,1,0,work
2025-05-06 15:33,EXC001,OP1001,1,0,0.079,0,1,0,work
2025-05-06 15:34,EXC001,OP1001,1,0,0.0758,0,1,0,work
2025-05-06 15:35,EXC001,OP1001,1,0,0.0821,0,1,0,work
2025-05-06 15:36,EXC001,OP1001,1,0,0.092,0,1,0,work
2025-05-06 15:37,EXC001,OP1001,1,0,0.0865,0,1,0,work
2025-05-06 15:38,EXC001,OP1001,1,0,0.0765,0,1,0,work
2025-05-06 15:39,EXC001,OP1001,1,0,0.0902,0,1,0,work
2025-05-06 15:40,EXC001,OP1001,1,0,0.0762,0,1,0,work
2025-05-06 15:41,EXC001,OP1001,1,0,0.0918,0,1,0,work
2025-05-06 15:42,EXC001,OP1001,1,0,0.0781,0,1,0,work
2025-05-06 15:43,EXC001,OP1001,1,0,0.078,0,1,0,work
2025-05-06 15:44,EXC001,OP1001,1,0,0.0766,1,1,0,work
2025-05-06 15:45,EXC001,OP1001,1,0,0.089,0,1,0,work
2025-05-06 15:46,EXC001,OP1001,1,0,0.0925,1,1,0,work
2025-05-06 15:47,EXC001,OP1001,1,0,0.0942,0,1,0,work
2025-05-06 15:48,EXC001,OP1001,1,0,0.0892,0,1,0,work
2025-05-06 15:49,EXC001,OP1001,1,0,0.0804,0,1,0,work
2025-05-06 15:50,EXC001,OP1001,1,0,0.0889,0,1,0,work
2025-05-06 15:51,EXC001,OP1001,1,0,0.0894,1,1,0,work
2025-05-06 15:52,EXC001,OP1001,1,0,0.0897,0,1,0,work
2025-05-06 15:53,EXC001,OP1001,1,0,0.0916,1,1,0,work
2025-05-06 15:54,EXC001,OP1001,1,0,0.0882,0,1,0,work
2025-05-06 15:55,EXC001,OP1001,1,0,0.0832,0,1,0,work
2025-05-06 15:56,EXC001,OP1001,1,0,0.0753,0,1,0,work
2025-05-06 15:57,EXC001,OP1001,1,0,0.0804,0,1,0,work
2025-05-06 15:58,EXC001,OP1001,1,0,0.081,0,1,0,work
2025-05-06 15:59,EXC001,OP1001,1,0,0.075,0,1,0,work
2025-05-06 16:00,EXC001,OP1001,1,0,0.0902,0,1,0,work
2025-05-06 16:01,EXC001,OP1001,1,0,0.0756,0,1,0,work
2025-05-06 16:02,EXC001,OP1001,1,0,0.0873,0,1,0,work
2025-05-06 16:03,EXC001,OP1001,1,0,0.089,0,1,0,work
2025-05-06 16:04,EXC001,OP1001,1,0,0.0865,0,1,0,work
2025-05-06 16:05,EXC001,OP1001,1,0,0.0808,0,1,0,work
2025-05-06 16:06,EXC001,OP1001,1,0,0.0812,0,1,0,work
2025-05-06 16:07,EXC001,OP1001,1,0,0.0842,0,1,0,work
2025-05-06 16:08,EXC001,OP1001,1,0,0.0919,0,1,0,work
2025-05-06 16:09,EXC001,OP1001,1,0,0.0939,0,1,0,work
2025-05-06 16:10,EXC001,OP1001,1,0,0.0855,0,1,0,work
2025-05-06 16:11,EXC001,OP1001,1,0,0.081,0,1,0,work
2025-05-06 16:12,EXC001,OP1001,1,0,0.0775,0,1,0,work
2025-05-06 16:13,EXC001,OP1001,1,0,0.0934,1,1,0,work
2025-05-06 16:14,EXC001,OP1001,1,0,0.094,0,1,0,work
2025-05-06 16:15,EXC001,OP1001,1,0,0.0915,0,1,0,work
2025-05-06 16:16,EXC001,OP1001,1,0,0.0938,0,1,0,work
2025-05-06 16:17,EXC001,OP1001,1,0,0.0804,0,1,0,work
2025-05-06 16:18,EXC001,OP1001,1,0,0.0823,0,1,0,work
2025-05-06 16:19,EXC001,OP1001,1,0,0.0755,0,1,0,work
2025-05-06 16:20,EXC001,OP1001,1,0,0.0823,0,1,0,work
2025-05-06 16:21,EXC001,OP1001,1,0,0.0912,0,1,0,work
2025-05-06 16:22,EXC001,OP1001,1,0,0.0792,1,1,0,work
2025-05-06 16:23,EXC001,OP1001,1,0,0.0839,0,1,0,work
2025-05-06 16:24,EXC001,OP1001,1,0,0.091,0,1,0,work
2025-05-06 16:25,EXC001,OP1001,1,0,0.0923,0,1,0,work
2025-05-06 16:26,EXC001,OP1001,1,0,0.0861,0,1,0,work
2025-05-06 16:27,EXC001,OP1001,1,0,0.0785,1,1,0,work
2025-05-06 16:28,EXC001,OP1001,1,0,0.0798,1,1,0,work
2025-05-06 16:29,EXC001,OP1001,1,0,0.0909,0,1,0,work
2025-05-06 16:30,EXC001,OP1001,1,0,0.0828,0,1,0,work
2025-05-06 16:31,EXC001,OP1001,1,0,0.0825,0,1,0,work
2025-05-06 16:32,EXC001,OP1001,1,0,0.0781,0,1,0,work
2025-05-06 16:33,EXC001,OP1001,0,0,0.0,0,1,0,off
2025-05-06 16:34,EXC001,OP1001,0,0,0.0,0,1,0,off
2025-05-06 16:35,EXC001,OP1001,0,0,0.0,0,1,0,off
2025-05-06 16:36,EXC001,OP1001,0,0,0.0,0,1,0,off
2025-05-06 16:37,EXC001,OP1001,0,0,0.0,0,1,0,off
2025-05-06 16:38,EXC001,OP1001,0,0,0.0,0,1,0,off
2025-05-06 16:39,EXC001,OP1001,0,0,0.0,0,1,0,off
2025-05-06 16:40,EXC001,OP1001,0,0,0.0,0,1,0,off
2025-05-06 16:41,EXC001,OP1001,0,0,0.0,0,1,0,off
2025-05-06 16:42,EXC001,OP1001,0,0,0.0,0,1,0,off
2025-05-06 16:43,EXC001,OP1001,0,0,0.0,0,1,0,off
2025-05-06 16:44,EXC001,OP1001,0,0,0.0,0,1,0,off
2025-05-06 16:45,EXC001,OP1001,1,1,0.0311,0,1,0,short_idle
2025-05-06 16:46,EXC001,OP1001,1,1,0.0388,0,1,0,short_idle
2025-05-06 16:47,EXC001,OP1001,1,1,0.0392,0,1,0,short_idle
2025-05-06 16:48,EXC001,OP1001,1,1,0.0353,0,1,0,short_idle
2025-05-06 16:49,EXC001,OP1001,1,1,0.0336,0,1,0,short_idle
2025-05-06 16:50,EXC001,OP1001,1,1,0.0306,0,1,0,short_idle
2025-05-06 16:51,EXC001,OP1001,1,1,0.0374,0,1,0,long_idle_unbelted
2025-05-06 16:52,EXC001,OP1001,1,1,0.0389,0,0,0,long_idle_unbelted
2025-05-06 16:53,EXC001,OP1001,1,1,0.0396,0,0,0,long_idle_unbelted
2025-05-06 16:54,EXC001,OP1001,1,1,0.0324,0,0,0,long_idle_unbelted
2025-05-06 16:55,EXC001,OP1001,1,1,0.0314,0,0,0,long_idle_unbelted
2025-05-06 16:56,EXC001,OP1001,1,1,0.0301,0,1,0,long_idle_unbelted
2025-05-06 16:57,EXC001,OP1001,1,1,0.0363,0,0,0,long_idle_unbelted
2025-05-06 16:58,EXC001,OP1001,1,1,0.0351,0,0,0,long_idle_unbelted
2025-05-06 16:59,EXC001,OP1001,1,1,0.033,0,1,0,long_idle_unbelted
2025-05-06 17:00,EXC001,OP1001,1,1,0.0392,0,1,0,long_idle_unbelted
2025-05-06 17:01,EXC001,OP1001,1,1,0.0396,0,0,0,long_idle_unbelted
2025-05-06 17:02,EXC001,OP1001,1,1,0.0391,0,0,0,long_idle_unbelted
2025-05-06 17:03,EXC001,OP1001,1,1,0.0311,0,0,0,long_idle_unbelted
2025-05-06 17:04,EXC001,OP1001,1,1,0.0345,0,0,0,long_idle_unbelted
2025-05-06 17:05,EXC001,OP1001,1,1,0.0354,0,0,0,long_idle_unbelted
2025-05-06 17:06,EXC001,OP1001,1,1,0.0387,0,0,0,long_idle_unbelted
2025-05-06 17:07,EXC001,OP1001,1,1,0.0332,0,1,0,long_idle_unbelted
2025-05-06 17:08,EXC001,OP1001,1,1,0.0383,0,0,0,long_idle_unbelted
2025-05-06 17:09,EXC001,OP1001,1,1,0.0301,0,1,0,long_idle_unbelted
2025-05-06 17:10,EXC001,OP1001,1,1,0.0368,0,0,0,long_idle_unbelted
2025-05-06 17:11,EXC001,OP1001,1,1,0.0342,0,1,0,long_idle_unbelted
2025-05-06 17:12,EXC001,OP1001,1,1,0.0314,0,1,0,long_idle_unbelted
2025-05-06 17:13,EXC001,OP1001,1,1,0.0327,0,0,0,long_idle_unbelted
2025-05-06 17:14,EXC001,OP1001,1,1,0.0344,0,0,0,long_idle_unbelted
2025-05-06 17:15,EXC001,OP1001,1,1,0.0338,0,0,0,long_idle_unbelted
2025-05-06 17:16,EXC001,OP1001,1,1,0.0335,0,1,0,long_idle_unbelted
2025-05-06 17:17,EXC001,OP1001,1,1,0.0394,0,0,0,long_idle_unbelted
2025-05-06 17:18,EXC001,OP1001,1,1,0.0336,0,1,0,long_idle_unbelted
2025-05-06 17:19,EXC001,OP1001,1,1,0.0362,0,1,0,long_idle_unbelted
2025-05-06 17:20,EXC001,OP1001,1,1,0.0352,0,1,0,long_idle_unbelted
2025-05-06 17:21,EXC001,OP1001,1,1,0.0378,0,0,0,long_idle_unbelted
2025-05-06 17:22,EXC001,OP1001,1,1,0.0305,0,0,0,long_idle_unbelted
2025-05-06 17:23,EXC001,OP1001,1,1,0.0322,0,1,0,long_idle_unbelted
2025-05-06 17:24,EXC001,OP1001,1,1,0.0301,0,0,0,long_idle_unbelted
2025-05-06 17:25,EXC001,OP1001,1,1,0.035,0,1,0,long_idle_unbelted
2025-05-06 17:26,EXC001,OP1001,1,1,0.0312,0,0,0,long_idle_unbelted
2025-05-06 17:27,EXC001,OP1001,1,1,0.0344,0,0,0,long_idle_unbelted
2025-05-06 17:28,EXC001,OP1001,1,1,0.0378,0,0,0,long_idle_unbelted
2025-05-06 17:29,EXC001,OP1001,1,1,0.0392,0,0,0,long_idle_unbelted
2025-05-06 17:30,EXC001,OP1001,1,1,0.037,0,0,0,long_idle_unbelted
2025-05-06 17:31,EXC001,OP1001,1,1,0.0309,0,0,0,long_idle_unbelted
2025-05-06 17:32,EXC001,OP1001,1,1,0.0352,0,0,0,long_idle_unbelted
2025-05-06 17:33,EXC001,OP1001,1,1,0.0333,0,0,0,long_idle_unbelted
2025-05-06 17:34,EXC001,OP1001,1,1,0.0398,0,0,0,long_idle_unbelted
2025-05-06 17:35,EXC001,OP1001,1,1,0.0314,0,0,0,long_idle_unbelted
2025-05-06 17:36,EXC001,OP1001,1,1,0.033,0,0,0,long_idle_unbelted
2025-05-06 17:37,EXC001,OP1001,1,1,0.0362,0,0,0,long_idle_unbelted
2025-05-06 17:38,EXC001,OP1001,1,1,0.037,0,0,0,long_idle_unbelted
2025-05-06 17:39,EXC001,OP1001,1,1,0.0305,0,1,0,long_idle_unbelted
2025-05-06 17:40,EXC001,OP1001,1,1,0.0332,0,0,0,long_idle_unbelted
2025-05-06 17:41,EXC001,OP1001,1,1,0.0372,0,0,0,long_idle_unbelted
2025-05-06 17:42,EXC001,OP1001,1,0,0.1119,0,1,0,aggressive
2025-05-06 17:43,EXC001,OP1001,1,0,0.1155,0,1,1,aggressive
2025-05-06 17:44,EXC001,OP1001,1,0,0.1002,0,1,1,aggressive
2025-05-06 17:45,EXC001,OP1001,1,0,0.0989,1,1,0,aggressive
2025-05-06 17:46,EXC001,OP1001,1,0,0.1147,1,1,0,aggressive
2025-05-06 17:47,EXC001,OP1001,1,0,0.1008,0,1,1,aggressive
2025-05-06 17:48,EXC001,OP1001,1,0,0.112,0,1,0,aggressive
2025-05-06 17:49,EXC001,OP1001,1,0,0.1013,1,1,1,aggressive
2025-05-06 17:50,EXC001,OP1001,1,0,0.0952,0,1,0,aggressive
2025-05-06 17:51,EXC001,OP1001,1,0,0.1109,0,1,1,aggressive
2025-05-06 17:52,EXC001,OP1001,1,0,0.1034,0,1,0,aggressive
2025-05-06 17:53,EXC001,OP1001,1,0,0.1014,0,1,0,aggressive
2025-05-06 17:54,EXC001,OP1001,1,0,0.1115,0,1,1,aggressive
2025-05-06 17:55,EXC001,OP1001,1,0,0.0938,0,1,0,aggressive
2025-05-06 17:56,EXC001,OP1001,1,0,0.1087,0,1,1,aggressive
2025-05-06 17:57,EXC001,OP1001,1,0,0.1067,0,1,0,aggressive
2025-05-06 17:58,EXC001,OP1001,1,0,0.1033,0,1,0,aggressive
2025-05-06 17:59,EXC001,OP1001,1,0,0.1162,0,1,0,aggressive
2025-05-07 08:00,EXC001,OP1001,1,1,0.0388,0,1,0,long_idle_unbelted
2025-05-07 08:01,EXC001,OP1001,1,1,0.0329,0,1,0,long_idle_unbelted
2025-05-07 08:02,EXC001,OP1001,1,1,0.0386,0,0,0,long_idle_unbelted
2025-05-07 08:03,EXC001,OP1001,1,1,0.0314,0,0,0,long_idle_unbelted
2025-05-07 08:04,EXC001,OP1001,1,1,0.036,0,0,0,long_idle_unbelted
2025-05-07 08:05,EXC001,OP1001,1,1,0.0321,0,1,0,long_idle_unbelted
2025-05-07 08:06,EXC001,OP1001,1,1,0.0342,0,0,0,long_idle_unbelted
2025-05-07 08:07,EXC001,OP1001,1,1,0.0397,0,0,0,long_idle_unbelted
2025-05-07 08:08,EXC001,OP1001,1,1,0.033,0,0,0,long_idle_unbelted
2025-05-07 08:09,EXC001,OP1001,1,1,0.0332,0,0,0,long_idle_unbelted
2025-05-07 08:10,EXC001,OP1001,1,1,0.0382,0,0,0,long_idle_unbelted
2025-05-07 08:11,EXC001,OP1001,1,1,0.031,0,1,0,long_idle_unbelted
2025-05-07 08:12,EXC001,OP1001,1,1,0.03,0,0,0,long_idle_unbelted
2025-05-07 08:13,EXC001,OP1001,1,1,0.0307,0,0,0,long_idle_unbelted
2025-05-07 08:14,EXC001,OP1001,1,1,0.0399,0,1,0,long_idle_unbelted
2025-05-07 08:15,EXC001,OP1001,1,1,0.0367,0,0,0,long_idle_unbelted
2025-05-07 08:16,EXC001,OP1001,1,1,0.0384,0,0,0,long_idle_unbelted
2025-05-07 08:17,EXC001,OP1001,1,1,0.031,0,0,0,long_idle_unbelted
2025-05-07 08:18,EXC001,OP1001,1,1,0.035,0,0,0,long_idle_unbelted
2025-05-07 08:19,EXC001,OP1001,1,1,0.0325,0,0,0,long_idle_unbelted
2025-05-07 08:20,EXC001,OP1001,1,1,0.0346,0,0,0,long_idle_unbelted
2025-05-07 08:21,EXC001,OP1001,1,1,0.0357,0,0,0,long_idle_unbelted
2025-05-07 08:22,EXC001,OP1001,1,1,0.036,0,0,0,long_idle_unbelted
2025-05-07 08:23,EXC001,OP1001,1,1,0.034,0,0,0,long_idle_unbelted
2025-05-07 08:24,EXC001,OP1001,1,1,0.0366,0,0,0,long_idle_unbelted
2025-05-07 08:25,EXC001,OP1001,1,1,0.0354,0,1,0,long_idle_unbelted
2025-05-07 08:26,EXC001,OP1001,1,1,0.0353,0,0,0,long_idle_unbelted
2025-05-07 08:27,EXC001,OP1001,1,1,0.0385,0,0,0,long_idle_unbelted
2025-05-07 08:28,EXC001,OP1001,1,1,0.0394,0,0,0,long_idle_unbelted
2025-05-07 08:29,EXC001,OP1001,1,1,0.0356,0,0,0,long_idle_unbelted
2025-05-07 08:30,EXC001,OP1001,1,1,0.0367,0,1,0,short_idle
2025-05-07 08:31,EXC001,OP1001,1,1,0.0393,0,1,0,short_idle
2025-05-07 08:32,EXC001,OP1001,1,1,0.0388,0,1,0,short_idle
2025-05-07 08:33,EXC001,OP1001,1,1,0.0386,0,1,0,short_idle
2025-05-07 08:34,EXC001,OP1001,1,0,0.0898,0,1,0,work
2025-05-07 08:35,EXC001,OP1001,1,0,0.0852,0,1,0,work
2025-05-07 08:36,EXC001,OP1001,1,0,0.0766,0,1,0,work
2025-05-07 08:37,EXC001,OP1001,1,0,0.0894,0,1,0,work
2025-05-07 08:38,EXC001,OP1001,1,0,0.0904,0,1,0,work
2025-05-07 08:39,EXC001,OP1001,1,0,0.0921,1,1,0,work
2025-05-07 08:40,EXC001,OP1001,1,0,0.0754,0,1,0,work
2025-05-07 08:41,EXC001,OP1001,1,0,0.0946,1,1,1,work
2025-05-07 08:42,EXC001,OP1001,1,0,0.0866,0,1,0,work
2025-05-07 08:43,EXC001,OP1001,1,0,0.0763,0,1,0,work
2025-05-07 08:44,EXC001,OP1001,1,0,0.0867,0,1,0,work
2025-05-07 08:45,EXC001,OP1001,1,0,0.0836,1,1,0,work
2025-05-07 08:46,EXC001,OP1001,1,0,0.0891,0,1,0,work
2025-05-07 08:47,EXC001,OP1001,1,0,0.0768,0,1,0,work
2025-05-07 08:48,EXC001,OP1001,1,0,0.0885,0,1,0,work
2025-05-07 08:49,EXC001,OP1001,1,0,0.0792,0,1,0,work
2025-05-07 08:50,EXC001,OP1001,1,0,0.0825,0,1,0,work
2025-05-07 08:51,EXC001,OP1001,1,0,0.0816,0,1,0,work
2025-05-07 08:52,EXC001,OP1001,1,0,0.0897,0,1,0,work
2025-05-07 08:53,EXC001,OP1001,1,0,0.0866,0,1,0,work
2025-05-07 08:54,EXC001,OP1001,1,0,0.0823,0,1,0,work
2025-05-07 08:55,EXC001,OP1001,1,0,0.081,1,1,0,work
2025-05-07 08:56,EXC001,OP1001,1,0,0.0783,0,1,0,work
2025-05-07 08:57,EXC001,OP1001,1,0,0.082,0,1,0,work
2025-05-07 08:58,EXC001,OP1001,1,0,0.0764,1,1,0,work
2025-05-07 08:59,EXC001,OP1001,1,0,0.0848,0,1,0,work
2025-05-07 09:00,EXC001,OP1001,1,0,0.0854,0,1,0,work
2025-05-07 09:01,EXC001,OP1001,1,0,0.0763,0,1,0,work
2025-05-07 09:02,EXC001,OP1001,1,0,0.0791,0,1,0,work
2025-05-07 09:03,EXC001,OP1001,1,0,0.0888,0,1,0,work
2025-05-07 09:04,EXC001,OP1001,1,0,0.0772,0,1,0,work
2025-05-07 09:05,EXC001,OP1001,1,0,0.078,0,1,0,work
2025-05-07 09:06,EXC001,OP1001,1,0,0.0767,0,1,0,work
2025-05-07 09:07,EXC001,OP1001,1,0,0.0788,0,1,0,work
2025-05-07 09:08,EXC001,OP1001,1,0,0.0923,0,1,0,work
2025-05-07 09:09,EXC001,OP1001,1,0,0.0911,0,1,0,work
2025-05-07 09:10,EXC001,OP1001,1,0,0.0804,0,1,0,work
2025-05-07 09:11,EXC001,OP1001,1,0,0.0805,0,1,0,work
2025-05-07 09:12,EXC001,OP1001,1,0,0.0787,0,1,0,work
2025-05-07 09:13,EXC001,OP1001,1,0,0.0752,1,1,0,work
2025-05-07 09:14,EXC001,OP1001,1,0,0.0949,0,1,0,work
2025-05-07 09:15,EXC001,OP1001,1,0,0.0943,1,1,0,work
2025-05-07 09:16,EXC001,OP1001,1,0,0.0751,0,0,0,work
2025-05-07 09:17,EXC001,OP1001,1,0,0.088,0,1,0,work
2025-05-07 09:18,EXC001,OP1001,1,0,0.0809,0,1,0,work
2025-05-07 09:19,EXC001,OP1001,1,0,0.0853,0,1,0,work
2025-05-07 09:20,EXC001,OP1001,1,0,0.0826,1,1,0,work
2025-05-07 09:21,EXC001,OP1001,1,0,0.0909,1,1,0,work
2025-05-07 09:22,EXC001,OP1001,1,0,0.0756,0,1,0,work
2025-05-07 09:23,EXC001,OP1001,1,0,0.0908,0,1,0,work
2025-05-07 09:24,EXC001,OP1001,1,0,0.0759,0,1,0,work
2025-05-07 09:25,EXC001,OP1001,1,0,0.0838,0,1,0,work
2025-05-07 09:26,EXC001,OP1001,1,0,0.0835,0,1,0,work
2025-05-07 09:27,EXC001,OP1001,1,0,0.0843,0,1,0,work
2025-05-07 09:28,EXC001,OP1001,1,0,0.075,0,1,0,work
2025-05-07 09:29,EXC001,OP1001,1,0,0.0928,1,1,0,work
2025-05-07 09:30,EXC001,OP1001,1,0,0.0757,0,1,1,work
2025-05-07 09:31,EXC001,OP1001,1,0,0.0849,0,1,0,work
2025-05-07 09:32,EXC001,OP1001,1,0,0.083,0,1,0,work
2025-05-07 09:33,EXC001,OP1001,1,0,0.0948,1,1,0,work
2025-05-07 09:34,EXC001,OP1001,1,0,0.0875,0,1,0,work
2025-05-07 09:35,EXC001,OP1001,1,0,0.0765,0,1,0,work
2025-05-07 09:36,EXC001,OP1001,1,0,0.0903,0,1,0,work
2025-05-07 09:37,EXC001,OP1001,1,0,0.0923,0,1,0,work
2025-05-07 09:38,EXC001,OP1001,1,0,0.0949,0,1,0,work
2025-05-07 09:39,EXC001,OP1001,1,0,0.0837,0,1,0,work
2025-05-07 09:40,EXC001,OP1001,1,0,0.0822,0,1,0,work
2025-05-07 09:41,EXC001,OP1001,1,0,0.0787,0,1,0,work
2025-05-07 09:42,EXC001,OP1001,1,0,0.0852,0,1,0,work
2025-05-07 09:43,EXC001,OP1001,1,0,0.0774,1,1,0,work
2025-05-07 09:44,EXC001,OP1001,1,0,0.0928,0,1,0,work
2025-05-07 09:45,EXC001,OP1001,1,0,0.0917,0,1,0,work
2025-05-07 09:46,EXC001,OP1001,1,0,0.0944,0,1,0,work
2025-05-07 09:47,EXC001,OP1001,1,0,0.0949,0,1,0,work
2025-05-07 09:48,EXC001,OP1001,1,0,0.0849,1,1,0,work
2025-05-07 09:49,EXC001,OP1001,1,0,0.0834,0,1,0,work
2025-05-07 09:50,EXC001,OP1001,1,0,0.0931,0,1,0,work
2025-05-07 09:51,EXC001,OP1001,1,0,0.0856,0,1,0,work
2025-05-07 09:52,EXC001,OP1001,1,0,0.0847,0,1,0,work
2025-05-07 09:53,EXC001,OP1001,1,0,0.0821,0,1,0,work
2025-05-07 09:54,EXC001,OP1001,1,0,0.0798,0,1,0,work
2025-05-07 09:55,EXC001,OP1001,1,0,0.09,1,1,0,work
2025-05-07 09:56,EXC001,OP1001,1,0,0.0773,0,1,0,work
2025-05-07 09:57,EXC001,OP1001,1,0,0.0812,0,1,0,work
2025-05-07 09:58,EXC001,OP1001,1,0,0.0804,1,1,0,work
2025-05-07 09:59,EXC001,OP1001,1,0,0.0913,0,1,0,work
2025-05-07 10:00,EXC001,OP1001,1,0,0.0863,0,1,0,work
2025-05-07 10:01,EXC001,OP1001,1,0,0.0819,0,1,0,work
2025-05-07 10:02,EXC001,OP1001,1,0,0.0773,0,1,0,work
2025-05-07 10:03,EXC001,OP1001,1,0,0.0922,0,1,0,work
2025-05-07 10:04,EXC001,OP1001,1,0,0.0937,0,1,0,work
2025-05-07 10:05,EXC001,OP1001,1,0,0.0795,0,1,0,work
2025-05-07 10:06,EXC001,OP1001,1,0,0.0881,0,1,0,work
2025-05-07 10:07,EXC001,OP1001,1,0,0.0779,0,1,0,work
2025-05-07 10:08,EXC001,OP1001,1,0,0.0839,0,1,0,work
2025-05-07 10:09,EXC001,OP1001,1,0,0.0785,0,1,0,work
2025-05-07 10:10,EXC001,OP1001,1,0,0.0917,0,1,0,work
2025-05-07 10:11,EXC001,OP1001,1,0,0.0816,0,1,0,work
2025-05-07 10:12,EXC001,OP1001,1,0,0.0948,0,1,0,work
2025-05-07 10:13,EXC001,OP1001,1,0,0.0802,0,1,0,work
2025-05-07 10:14,EXC001,OP1001,1,0,0.082,0,1,0,work
2025-05-07 10:15,EXC001,OP1001,1,0,0.087,0,1,0,work
2025-05-07 10:16,EXC001,OP1001,1,0,0.0821,0,1,0,work
2025-05-07 10:17,EXC001,OP1001,1,0,0.0792,1,1,0,work
2025-05-07 10:18,EXC001,OP1001,1,0,0.0798,0,1,0,work
2025-05-07 10:19,EXC001,OP1001,1,0,0.0787,0,1,0,work
2025-05-07 10:20,EXC001,OP1001,1,0,0.0764,0,1,0,work
2025-05-07 10:21,EXC001,OP1001,1,0,0.0949,0,1,0,work
2025-05-07 10:22,EXC001,OP1001,1,0,0.0799,1,1,0,work
2025-05-07 10:23,EXC001,OP1001,1,0,0.0934,1,1,0,work
2025-05-07 10:24,EXC001,OP1001,1,0,0.0794,0,1,0,work
2025-05-07 10:25,EXC001,OP1001,1,0,0.079,1,1,0,work
2025-05-07 10:26,EXC001,OP1001,1,0,0.0835,0,1,0,work
2025-05-07 10:27,EXC001,OP1001,1,0,0.0879,0,1,0,work
2025-05-07 10:28,EXC001,OP1001,1,0,0.0854,0,1,0,work
2025-05-07 10:29,EXC001,OP1001,1,0,0.0763,0,1,0,work
2025-05-07 10:30,EXC001,OP1001,1,0,0.0904,1,1,0,work
2025-05-07 10:31,EXC001,OP1001,1,0,0.0925,0,1,0,work
2025-05-07 10:32,EXC001,OP1001,1,0,0.0934,0,1,0,work
2025-05-07 10:33,EXC001,OP1001,1,0,0.0933,0,1,0,work
2025-05-07 10:34,EXC001,OP1001,1,0,0.0832,0,1,0,work
2025-05-07 10:35,EXC001,OP1001,1,0,0.0821,0,1,0,work
2025-05-07 10:36,EXC001,OP1001,1,0,0.0753,0,1,0,work
2025-05-07 10:37,EXC001,OP1001,1,0,0.0907,1,1,0,work
2025-05-07 10:38,EXC001,OP1001,1,0,0.0914,1,1,0,work
2025-05-07 10:39,EXC001,OP1001,1,0,0.0936,0,1,0,work
2025-05-07 10:40,EXC001,OP1001,1,0,0.0781,0,1,0,work
2025-05-07 10:41,EXC001,OP1001,1,0,0.0754,0,1,0,work
2025-05-07 10:42,EXC001,OP1001,1,0,0.0835,1,1,0,work
2025-05-07 10:43,EXC001,OP1001,1,0,0.1145,0,1,0,aggressive
2025-05-07 10:44,EXC001,OP1001,1,0,0.1017,0,1,0,aggressive
2025-05-07 10:45,EXC001,OP1001,1,0,0.1023,1,1,0,aggressive
2025-05-07 10:46,EXC001,OP1001,1,0,0.1013,1,1,1,aggressive
2025-05-07 10:47,EXC001,OP1001,1,0,0.1089,0,1,0,aggressive
2025-05-07 10:48,EXC001,OP1001,1,0,0.0953,0,1,1,aggressive
2025-05-07 10:49,EXC001,OP1001,1,0,0.1176,0,1,0,aggressive
2025-05-07 10:50,EXC001,OP1001,1,0,0.1035,0,1,1,aggressive
2025-05-07 10:51,EXC001,OP1001,1,0,0.0991,1,1,0,aggressive
2025-05-07 10:52,EXC001,OP1001,1,0,0.1187,0,1,0,aggressive
2025-05-07 10:53,EXC001,OP1001,1,0,0.1008,0,1,1,aggressive
2025-05-07 10:54,EXC001,OP1001,1,0,0.1174,0,1,1,aggressive
2025-05-07 10:55,EXC001,OP1001,1,0,0.113,0,1,0,aggressive
2025-05-07 10:56,EXC001,OP1001,1,0,0.104,0,1,0,aggressive
2025-05-07 10:57,EXC001,OP1001,1,0,0.094,1,1,0,aggressive
2025-05-07 10:58,EXC001,OP1001,1,0,0.1058,1,1,0,aggressive
2025-05-07 10:59,EXC001,OP1001,1,0,0.1056,0,1,1,aggressive
2025-05-07 11:00,EXC001,OP1001,1,0,0.1078,0,1,0,aggressive
2025-05-07 11:01,EXC001,OP1001,1,0,0.1075,1,1,0,aggressive
2025-05-07 11:02,EXC001,OP1001,1,0,0.0939,0,1,0,aggressive
2025-05-07 11:03,EXC001,OP1001,1,0,0.1138,0,1,0,aggressive
2025-05-07 11:04,EXC001,OP1001,1,0,0.1014,0,1,0,aggressive
2025-05-07 11:05,EXC001,OP1001,1,0,0.0944,0,1,0,aggressive
2025-05-07 11:06,EXC001,OP1001,1,0,0.1023,0,1,0,aggressive
2025-05-07 11:07,EXC001,OP1001,1,0,0.1105,0,1,1,aggressive
2025-05-07 11:08,EXC001,OP1001,1,0,0.1006,1,1,0,aggressive
2025-05-07 11:09,EXC001,OP1001,1,0,0.107,0,1,1,aggressive
2025-05-07 11:10,EXC001,OP1001,1,0,0.1072,0,1,0,aggressive
2025-05-07 11:11,EXC001,OP1001,1,0,0.107,0,1,0,aggressive
2025-05-07 11:12,EXC001,OP1001,1,0,0.0879,0,1,0,work
2025-05-07 11:13,EXC001,OP1001,1,0,0.0831,0,1,0,work
2025-05-07 11:14,EXC001,OP1001,1,0,0.0943,0,1,0,work
2025-05-07 11:15,EXC001,OP1001,1,0,0.0851,0,1,0,work
2025-05-07 11:16,EXC001,OP1001,1,0,0.0947,0,1,0,work
2025-05-07 11:17,EXC001,OP1001,1,0,0.0907,1,1,0,work
2025-05-07 11:18,EXC001,OP1001,1,0,0.0814,0,1,0,work
2025-05-07 11:19,EXC001,OP1001,1,0,0.0859,1,1,0,work
2025-05-07 11:20,EXC001,OP1001,1,0,0.0866,0,1,0,work
2025-05-07 11:21,EXC001,OP1001,1,0,0.0787,0,1,0,work
2025-05-07 11:22,EXC001,OP1001,1,0,0.0819,1,1,0,work
2025-05-07 11:23,EXC001,OP1001,1,0,0.0799,0,1,0,work
2025-05-07 11:24,EXC001,OP1001,1,0,0.0897,0,1,0,work
2025-05-07 11:25,EXC001,OP1001,1,0,0.088,0,1,0,work
2025-05-07 11:26,EXC001,OP1001,1,0,0.0893,0,1,0,work
2025-05-07 11:27,EXC001,OP1001,1,0,0.0889,1,1,0,work
2025-05-07 11:28,EXC001,OP1001,1,0,0.078,0,1,0,work
2025-05-07 11:29,EXC001,OP1001,1,0,0.0766,0,1,0,work
2025-05-07 11:30,EXC001,OP1001,1,0,0.0883,0,1,0,work
2025-05-07 11:31,EXC001,OP1001,1,0,0.092,0,1,0,work
2025-05-07 11:32,EXC001,OP1001,1,0,0.0934,0,1,0,work
2025-05-07 11:33,EXC001,OP1001,1,0,0.0874,0,1,0,work
2025-05-07 11:34,EXC001,OP1001,1,0,0.091,0,1,0,work
2025-05-07 11:35,EXC001,OP1001,1,0,0.0945,1,1,0,work
2025-05-07 11:36,EXC001,OP1001,1,0,0.0931,1,1,0,work
2025-05-07 11:37,EXC001,OP1001,1,0,0.0907,1,1,0,work
2025-05-07 11:38,EXC001,OP1001,1,0,0.0781,0,1,0,work
2025-05-07 11:39,EXC001,OP1001,1,0,0.077,0,1,0,work
2025-05-07 11:40,EXC001,OP1001,1,0,0.092,1,1,0,work
2025-05-07 11:41,EXC001,OP1001,1,0,0.0775,0,1,0,work
2025-05-07 11:42,EXC001,OP1001,1,0,0.0861,0,1,0,work
2025-05-07 11:43,EXC001,OP1001,1,0,0.0821,0,1,0,work
2025-05-07 11:44,EXC001,OP1001,1,0,0.0807,1,1,0,work
2025-05-07 11:45,EXC001,OP1001,1,0,0.0841,0,1,1,work
2025-05-07 11:46,EXC001,OP1001,1,0,0.09,0,1,0,work
2025-05-07 11:47,EXC001,OP1001,1,0,0.0777,0,1,0,work
2025-05-07 11:48,EXC001,OP1001,1,0,0.081,1,1,0,work
2025-05-07 11:49,EXC001,OP1001,1,0,0.0877,0,1,0,work
2025-05-07 11:50,EXC001,OP1001,1,0,0.0908,0,1,0,work
2025-05-07 11:51,EXC001,OP1001,1,0,0.0871,0,1,0,work
2025-05-07 11:52,EXC001,OP1001,1,0,0.0829,0,1,0,work
2025-05-07 11:53,EXC001,OP1001,1,0,0.0787,0,1,0,work
2025-05-07 11:54,EXC001,OP1001,1,0,0.0849,1,1,0,work
2025-05-07 11:55,EXC001,OP1001,1,0,0.0764,0,1,0,work
2025-05-07 11:56,EXC001,OP1001,1,0,0.0893,1,1,0,work
2025-05-07 11:57,EXC001,OP1001,1,0,0.0783,0,1,0,work
2025-05-07 11:58,EXC001,OP1001,1,0,0.0914,0,1,0,work
2025-05-07 11:59,EXC001,OP1001,1,0,0.0936,0,1,0,work
2025-05-07 12:00,EXC001,OP1001,1,0,0.0895,0,1,0,work
2025-05-07 12:01,EXC001,OP1001,1,0,0.0916,0,1,0,work
2025-05-07 12:02,EXC001,OP1001,1,0,0.0842,1,1,0,work
2025-05-07 12:03,EXC001,OP1001,1,0,0.0759,0,1,0,work
2025-05-07 12:04,EXC001,OP1001,1,0,0.078,0,1,0,work
2025-05-07 12:05,EXC001,OP1001,1,0,0.088,0,1,0,work
2025-05-07 12:06,EXC001,OP1001,1,0,0.0911,0,1,0,work
2025-05-07 12:07,EXC001,OP1001,1,0,0.0804,0,1,0,work
2025-05-07 12:08,EXC001,OP1001,1,0,0.0919,0,1,0,work
2025-05-07 12:09,EXC001,OP1001,1,0,0.0873,1,1,0,work
2025-05-07 12:10,EXC001,OP1001,1,0,0.0886,0,1,0,work
2025-05-07 12:11,EXC001,OP1001,1,0,0.0834,0,1,0,work
2025-05-07 12:12,EXC001,OP1001,1,0,0.0915,0,1,0,work
2025-05-07 12:13,EXC001,OP1001,1,0,0.0905,1,1,0,work
2025-05-07 12:14,EXC001,OP1001,1,0,0.0892,0,1,0,work
2025-05-07 12:15,EXC001,OP1001,1,0,0.0915,0,1,0,work
2025-05-07 12:16,EXC001,OP1001,1,0,0.0905,0,1,0,work
2025-05-07 12:17,EXC001,OP1001,1,0,0.0917,0,1,0,work
2025-05-07 12:18,EXC001,OP1001,1,0,0.08,0,1,0,work
2025-05-07 12:19,EXC001,OP1001,1,0,0.0863,0,1,0,work
2025-05-07 12:20,EXC001,OP1001,1,0,0.0873,0,1,0,work
2025-05-07 12:21,EXC001,OP1001,1,0,0.0812,0,1,0,work
2025-05-07 12:22,EXC001,OP1001,1,0,0.0838,0,1,0,work
2025-05-07 12:23,EXC001,OP1001,1,0,0.0779,0,1,0,work
2025-05-07 12:24,EXC001,OP1001,1,0,0.0759,1,1,0,work
2025-05-07 12:25,EXC001,OP1001,1,0,0.0946,0,1,0,work
2025-05-07 12:26,EXC001,OP1001,1,0,0.0945,0,1,0,work
2025-05-07 12:27,EXC001,OP1001,1,0,0.087,0,1,0,work
2025-05-07 12:28,EXC001,OP1001,1,0,0.0869,0,1,0,work
2025-05-07 12:29,EXC001,OP1001,1,0,0.0875,1,1,0,work
2025-05-07 12:30,EXC001,OP1001,1,0,0.0796,1,1,0,work
2025-05-07 12:31,EXC001,OP1001,1,0,0.081,0,1,0,work
2025-05-07 12:32,EXC001,OP1001,1,0,0.0892,0,1,0,work
2025-05-07 12:33,EXC001,OP1001,1,0,0.0807,1,1,0,work
2025-05-07 12:34,EXC001,OP1001,1,0,0.085,1,1,0,work
2025-05-07 12:35,EXC001,OP1001,1,0,0.0909,0,1,0,work
2025-05-07 12:36,EXC001,OP1001,1,0,0.0849,0,1,0,work
2025-05-07 12:37,EXC001,OP1001,1,0,0.0862,0,1,0,work
2025-05-07 12:38,EXC001,OP1001,1,0,0.0907,0,1,0,work
2025-05-07 12:39,EXC001,OP1001,1,0,0.0784,0,1,0,work
2025-05-07 12:40,EXC001,OP1001,1,0,0.0946,0,1,0,work
2025-05-07 12:41,EXC001,OP1001,1,0,0.0789,0,1,0,work
2025-05-07 12:42,EXC001,OP1001,1,0,0.0776,0,1,0,work
2025-05-07 12:43,EXC001,OP1001,1,0,0.0755,0,1,0,work
2025-05-07 12:44,EXC001,OP1001,1,0,0.0918,0,1,0,work
2025-05-07 12:45,EXC001,OP1001,1,0,0.0839,0,1,0,work
2025-05-07 12:46,EXC001,OP1001,1,0,0.0928,0,1,0,work
2025-05-07 12:47,EXC001,OP1001,1,0,0.094,1,1,0,work
2025-05-07 12:48,EXC001,OP1001,1,0,0.0946,0,1,0,work
2025-05-07 12:49,EXC001,OP1001,1,0,0.0844,0,1,0,work
2025-05-07 12:50,EXC001,OP1001,1,0,0.091,0,1,0,work
2025-05-07 12:51,EXC001,OP1001,1,0,0.0889,0,1,0,work
2025-05-07 12:52,EXC001,OP1001,1,0,0.0759,0,1,0,work
2025-05-07 12:53,EXC001,OP1001,1,0,0.0778,0,1,0,work
2025-05-07 12:54,EXC001,OP1001,1,0,0.094,0,1,0,work
2025-05-07 12:55,EXC001,OP1001,1,0,0.0894,1,1,0,work
2025-05-07 12:56,EXC001,OP1001,1,0,0.0911,0,1,0,work
2025-05-07 12:57,EXC001,OP1001,1,0,0.0858,0,1,0,work
2025-05-07 12:58,EXC001,OP1001,1,0,0.0893,0,1,0,work
2025-05-07 12:59,EXC001,OP1001,1,0,0.0765,0,1,0,work
2025-05-07 13:00,EXC001,OP1001,1,0,0.0942,1,1,0,work
2025-05-07 13:01,EXC001,OP1001,1,0,0.0818,0,1,0,work
2025-05-07 13:02,EXC001,OP1001,1,0,0.0758,0,1,0,work
2025-05-07 13:03,EXC001,OP1001,1,0,0.0768,0,1,0,work
2025-05-07 13:04,EXC001,OP1001,1,0,0.0921,0,1,0,work
2025-05-07 13:05,EXC001,OP1001,1,0,0.0845,0,1,0,work
2025-05-07 13:06,EXC001,OP1001,1,0,0.0782,0,1,0,work
2025-05-07 13:07,EXC001,OP1001,1,0,0.0798,1,1,0,work
2025-05-07 13:08,EXC001,OP1001,1,0,0.0825,0,1,0,work
2025-05-07 13:09,EXC001,OP1001,1,0,0.0863,0,1,0,work
2025-05-07 13:10,EXC001,OP1001,1,0,0.0752,0,1,0,work
2025-05-07 13:11,EXC001,OP1001,1,0,0.0772,0,1,0,work
2025-05-07 13:12,EXC001,OP1001,1,0,0.0904,1,1,0,work
2025-05-07 13:13,EXC001,OP1001,1,0,0.0758,0,1,0,work
2025-05-07 13:14,EXC001,OP1001,1,0,0.0891,1,1,0,work
2025-05-07 13:15,EXC001,OP1001,1,0,0.079,0,1,0,work
2025-05-07 13:16,EXC001,OP1001,1,0,0.094,1,1,0,work
2025-05-07 13:17,EXC001,OP1001,1,0,0.078,0,1,0,work
2025-05-07 13:18,EXC001,OP1001,1,0,0.0762,0,1,0,work
2025-05-07 13:19,EXC001,OP1001,1,0,0.0759,0,1,0,work
2025-05-07 13:20,EXC001,OP1001,1,0,0.0939,0,1,0,work
2025-05-07 13:21,EXC001,OP1001,1,0,0.0799,0,1,0,work
2025-05-07 13:22,EXC001,OP1001,1,0,0.0902,0,1,0,work
2025-05-07 13:23,EXC001,OP1001,1,0,0.0902,0,1,0,work
2025-05-07 13:24,EXC001,OP1001,1,0,0.0915,0,1,0,work
2025-05-07 13:25,EXC001,OP1001,1,0,0.0872,1,1,0,work
2025-05-07 13:26,EXC001,OP1001,1,0,0.0823,0,1,1,work
2025-05-07 13:27,EXC001,OP1001,1,0,0.0933,0,1,0,work
2025-05-07 13:28,EXC001,OP1001,1,0,0.0775,0,1,0,work
2025-05-07 13:29,EXC001,OP1001,1,0,0.0803,0,1,0,work
2025-05-07 13:30,EXC001,OP1001,1,0,0.0824,0,1,0,work
2025-05-07 13:31,EXC001,OP1001,1,0,0.0801,0,1,0,work
2025-05-07 13:32,EXC001,OP1001,1,0,0.0835,1,1,0,work
2025-05-07 13:33,EXC001,OP1001,1,0,0.0936,0,1,0,work
2025-05-07 13:34,EXC001,OP1001,1,0,0.0793,1,1,1,work
2025-05-07 13:35,EXC001,OP1001,1,0,0.0916,0,1,0,work
2025-05-07 13:36,EXC001,OP1001,1,0,0.0802,0,1,0,work
2025-05-07 13:37,EXC001,OP1001,1,0,0.0843,0,1,0,work
2025-05-07 13:38,EXC001,OP1001,1,0,0.0787,0,1,0,work
2025-05-07 13:39,EXC001,OP1001,1,0,0.0822,0,1,0,work
2025-05-07 13:40,EXC001,OP1001,1,0,0.0826,0,1,0,work
2025-05-07 13:41,EXC001,OP1001,1,0,0.0802,0,1,0,work
2025-05-07 13:42,EXC001,OP1001,1,0,0.0882,0,1,0,work
2025-05-07 13:43,EXC001,OP1001,1,0,0.0804,0,1,0,work
2025-05-07 13:44,EXC001,OP1001,1,0,0.0841,0,1,0,work
2025-05-07 13:45,EXC001,OP1001,1,0,0.0842,0,1,0,work
2025-05-07 13:46,EXC001,OP1001,1,0,0.0939,0,1,0,work
2025-05-07 13:47,EXC001,OP1001,1,0,0.0784,0,1,0,work
2025-05-07 13:48,EXC001,OP1001,1,0,0.0759,1,1,0,work
2025-05-07 13:49,EXC001,OP1001,1,0,0.0928,0,1,0,work
2025-05-07 13:50,EXC001,OP1001,1,0,0.0937,0,1,0,work
2025-05-07 13:51,EXC001,OP1001,1,0,0.0766,1,1,0,work
2025-05-07 13:52,EXC001,OP1001,1,0,0.0915,0,1,0,work
2025-05-07 13:53,EXC001,OP1001,1,0,0.076,0,1,0,work
2025-05-07 13:54,EXC001,OP1001,1,0,0.087,0,1,0,work
2025-05-07 13:55,EXC001,OP1001,1,0,0.0768,0,1,1,work
2025-05-07 13:56,EXC001,OP1001,1,0,0.076,0,1,0,work
2025-05-07 13:57,EXC001,OP1001,1,0,0.0902,1,1,0,work
2025-05-07 13:58,EXC001,OP1001,1,0,0.0772,0,1,0,work
2025-05-07 13:59,EXC001,OP1001,1,0,0.092,0,1,0,work
2025-05-07 14:00,EXC001,OP1001,1,0,0.0906,0,1,0,work
2025-05-07 14:01,EXC001,OP1001,1,0,0.0767,1,1,0,work
2025-05-07 14:02,EXC001,OP1001,1,0,0.0771,0,1,0,work
2025-05-07 14:03,EXC001,OP1001,1,0,0.0902,0,1,0,work
2025-05-07 14:04,EXC001,OP1001,1,0,0.082,0,1,0,work
2025-05-07 14:05,EXC001,OP1001,1,0,0.0827,0,1,0,work
2025-05-07 14:06,EXC001,OP1001,1,0,0.0895,1,1,0,work
2025-05-07 14:07,EXC001,OP1001,1,0,0.0804,0,1,0,work
2025-05-07 14:08,EXC001,OP1001,1,0,0.0827,0,1,0,work
2025-05-07 14:09,EXC001,OP1001,1,0,0.0778,0,1,0,work
2025-05-07 14:10,EXC001,OP1001,1,0,0.0855,0,1,0,work
2025-05-07 14:11,EXC001,OP1001,1,0,0.0851,0,1,0,work
2025-05-07 14:12,EXC001,OP1001,1,0,0.0759,0,1,0,work
2025-05-07 14:13,EXC001,OP1001,1,0,0.0754,1,0,0,work
2025-05-07 14:14,EXC001,OP1001,1,0,0.0861,1,1,0,work
2025-05-07 14:15,EXC001,OP1001,1,0,0.0948,0,1,0,work
2025-05-07 14:16,EXC001,OP1001,1,0,0.0851,1,1,0,work
2025-05-07 14:17,EXC001,OP1001,1,0,0.0878,0,1,0,work
2025-05-07 14:18,EXC001,OP1001,1,0,0.0786,1,1,0,work
2025-05-07 14:19,EXC001,OP1001,1,0,0.0774,0,1,0,work
2025-05-07 14:20,EXC001,OP1001,1,0,0.0845,0,1,0,work
2025-05-07 14:21,EXC001,OP1001,1,0,0.0861,0,1,0,work
2025-05-07 14:22,EXC001,OP1001,1,0,0.078,0,1,0,work
2025-05-07 14:23,EXC001,OP1001,1,0,0.0845,1,1,0,work
2025-05-07 14:24,EXC001,OP1001,1,0,0.0922,0,0,0,work
2025-05-07 14:25,EXC001,OP1001,1,0,0.0804,0,1,0,work
2025-05-07 14:26,EXC001,OP1001,1,0,0.0946,1,1,0,work
2025-05-07 14:27,EXC001,OP1001,1,0,0.0881,0,1,0,work
2025-05-07 14:28,EXC001,OP1001,1,0,0.0752,1,1,0,work
2025-05-07 14:29,EXC001,OP1001,1,0,0.0912,1,1,0,work
2025-05-07 14:30,EXC001,OP1001,1,0,0.0949,1,1,0,work
2025-05-07 14:31,EXC001,OP1001,1,0,0.0856,0,1,0,work
2025-05-07 14:32,EXC001,OP1001,1,0,0.0784,0,1,0,work
2025-05-07 14:33,EXC001,OP1001,1,0,0.0857,0,1,0,work
2025-05-07 14:34,EXC001,OP1001,1,0,0.0773,0,1,0,work
2025-05-07 14:35,EXC001,OP1001,1,0,0.0753,0,1,0,work
2025-05-07 14:36,EXC001,OP1001,1,0,0.0908,1,1,0,work
2025-05-07 14:37,EXC001,OP1001,1,0,0.0803,0,0,0,work
2025-05-07 14:38,EXC001,OP1001,1,0,0.0789,0,1,0,work
2025-05-07 14:39,EXC001,OP1001,1,0,0.0834,0,1,0,work
2025-05-07 14:40,EXC001,OP1001,1,0,0.0849,1,1,0,work
2025-05-07 14:41,EXC001,OP1001,1,0,0.089,0,1,0,work
2025-05-07 14:42,EXC001,OP1001,1,0,0.0841,0,1,0,work
2025-05-07 14:43,EXC001,OP1001,1,0,0.0885,0,1,0,work
2025-05-07 14:44,EXC001,OP1001,1,0,0.0866,0,1,0,work
2025-05-07 14:45,EXC001,OP1001,1,0,0.0912,0,1,0,work
2025-05-07 14:46,EXC001,OP1001,1,0,0.0777,1,1,0,work
2025-05-07 14:47,EXC001,OP1001,1,0,0.0897,0,1,0,work
2025-05-07 14:48,EXC001,OP1001,1,0,0.0866,0,1,0,work
2025-05-07 14:49,EXC001,OP1001,1,0,0.09,0,1,0,work
2025-05-07 14:50,EXC001,OP1001,1,0,0.0823,0,1,0,work
2025-05-07 14:51,EXC001,OP1001,1,0,0.0832,0,1,0,work
2025-05-07 14:52,EXC001,OP1001,1,0,0.0808,0,1,0,work
2025-05-07 14:53,EXC001,OP1001,1,0,0.0808,0,1,0,work
2025-05-07 14:54,EXC001,OP1001,1,0,0.0762,1,1,0,work
2025-05-07 14:55,EXC001,OP1001,1,0,0.0903,0,1,0,work
2025-05-07 14:56,EXC001,OP1001,1,0,0.0843,0,1,0,work
2025-05-07 14:57,EXC001,OP1001,1,0,0.0803,1,1,0,work
2025-05-07 14:58,EXC001,OP1001,1,0,0.0947,1,1,0,work
2025-05-07 14:59,EXC001,OP1001,1,0,0.0755,0,1,0,work
2025-05-07 15:00,EXC001,OP1001,1,0,0.0797,1,1,0,work
2025-05-07 15:01,EXC001,OP1001,1,0,0.0912,1,1,0,work
2025-05-07 15:02,EXC001,OP1001,1,0,0.0784,1,1,0,work
2025-05-07 15:03,EXC001,OP1001,1,0,0.0913,0,1,0,work
2025-05-07 15:04,EXC001,OP1001,1,0,0.0911,1,1,0,work
2025-05-07 15:05,EXC001,OP1001,1,0,0.092,0,1,0,work
2025-05-07 15:06,EXC001,OP1001,1,0,0.0779,0,1,0,work
2025-05-07 15:07,EXC001,OP1001,1,0,0.0853,1,1,0,work
2025-05-07 15:08,EXC001,OP1001,1,0,0.0814,1,1,0,work
2025-05-07 15:09,EXC001,OP1001,1,0,0.0872,0,1,0,work
2025-05-07 15:10,EXC001,OP1001,1,0,0.0837,0,1,0,work
2025-05-07 15:11,EXC001,OP1001,1,0,0.0947,0,1,0,work
2025-05-07 15:12,EXC001,OP1001,1,0,0.0755,0,1,0,work
2025-05-07 15:13,EXC001,OP1001,1,0,0.0858,0,1,0,work
2025-05-07 15:14,EXC001,OP1001,1,0,0.0769,0,1,0,work
2025-05-07 15:15,EXC001,OP1001,1,1,0.0315,0,1,0,short_idle
2025-05-07 15:16,EXC001,OP1001,1,1,0.0378,0,1,0,short_idle
2025-05-07 15:17,EXC001,OP1001,1,1,0.0306,0,1,0,short_idle
2025-05-07 15:18,EXC001,OP1001,1,1,0.0397,0,1,0,short_idle
2025-05-07 15:19,EXC001,OP1001,1,1,0.0388,0,1,0,short_idle
2025-05-07 15:20,EXC001,OP1001,1,1,0.0331,0,1,0,short_idle
2025-05-07 15:21,EXC001,OP1001,1,0,0.0761,1,1,0,work
2025-05-07 15:22,EXC001,OP1001,1,0,0.0832,0,1,0,work
2025-05-07 15:23,EXC001,OP1001,1,0,0.0895,0,1,0,work
2025-05-07 15:24,EXC001,OP1001,1,0,0.0907,0,1,0,work
2025-05-07 15:25,EXC001,OP1001,1,0,0.0916,0,1,0,work
2025-05-07 15:26,EXC001,OP1001,1,0,0.0856,0,1,0,work
2025-05-07 15:27,EXC001,OP1001,1,0,0.0836,0,1,0,work
2025-05-07 15:28,EXC001,OP1001,1,0,0.0755,0,1,0,work
2025-05-07 15:29,EXC001,OP1001,1,0,0.082,0,1,0,work
2025-05-07 15:30,EXC001,OP1001,1,0,0.0781,1,1,0,work
2025-05-07 15:31,EXC001,OP1001,1,0,0.0878,0,1,0,work
2025-05-07 15:32,EXC001,OP1001,1,0,0.0777,0,1,0,work
2025-05-07 15:33,EXC001,OP1001,1,0,0.0899,0,1,0,work
2025-05-07 15:34,EXC001,OP1001,1,0,0.0814,1,1,0,work
2025-05-07 15:35,EXC001,OP1001,1,0,0.0779,0,1,0,work
2025-05-07 15:36,EXC001,OP1001,1,0,0.0907,0,1,0,work
2025-05-07 15:37,EXC001,OP1001,1,0,0.0919,0,1,0,work
2025-05-07 15:38,EXC001,OP1001,1,0,0.0777,0,1,0,work
2025-05-07 15:39,EXC001,OP1001,1,0,0.094,0,1,0,work
2025-05-07 15:40,EXC001,OP1001,1,0,0.0768,0,1,0,work
2025-05-07 15:41,EXC001,OP1001,1,0,0.0909,0,1,0,work
2025-05-07 15:42,EXC001,OP1001,1,0,0.0847,1,1,0,work
2025-05-07 15:43,EXC001,OP1001,1,0,0.0849,0,1,0,work
2025-05-07 15:44,EXC001,OP1001,1,0,0.0906,0,1,0,work
2025-05-07 15:45,EXC001,OP1001,1,0,0.0813,0,1,0,work
2025-05-07 15:46,EXC001,OP1001,1,0,0.0893,0,1,0,work
2025-05-07 15:47,EXC001,OP1001,1,0,0.0842,0,1,0,work
2025-05-07 15:48,EXC001,OP1001,1,0,0.0826,0,1,0,work
2025-05-07 15:49,EXC001,OP1001,1,0,0.0773,0,1,0,work
2025-05-07 15:50,EXC001,OP1001,1,0,0.0818,0,1,0,work
2025-05-07 15:51,EXC001,OP1001,1,0,0.0944,0,1,0,work
2025-05-07 15:52,EXC001,OP1001,1,0,0.0885,0,1,0,work
2025-05-07 15:53,EXC001,OP1001,1,0,0.0886,0,1,0,work
2025-05-07 15:54,EXC001,OP1001,1,0,0.0777,0,1,0,work
2025-05-07 15:55,EXC001,OP1001,1,0,0.0828,0,1,0,work
2025-05-07 15:56,EXC001,OP1001,1,0,0.0829,0,1,0,work
2025-05-07 15:57,EXC001,OP1001,1,0,0.0873,0,1,0,work
2025-05-07 15:58,EXC001,OP1001,1,0,0.0902,0,1,0,work
2025-05-07 15:59,EXC001,OP1001,1,0,0.0925,0,1,0,work
2025-05-07 16:00,EXC001,OP1001,1,0,0.0852,0,1,0,work
2025-05-07 16:01,EXC001,OP1001,1,0,0.0815,0,1,0,work
2025-05-07 16:02,EXC001,OP1001,1,0,0.0779,0,1,0,work
2025-05-07 16:03,EXC001,OP1001,1,0,0.0757,0,1,0,work
2025-05-07 16:04,EXC001,OP1001,1,0,0.0807,0,1,0,work
2025-05-07 16:05,EXC001,OP1001,1,0,0.0774,0,1,0,work
2025-05-07 16:06,EXC001,OP1001,1,0,0.0753,0,1,0,work
2025-05-07 16:07,EXC001,OP1001,1,0,0.0859,0,1,0,work
2025-05-07 16:08,EXC001,OP1001,1,0,0.0806,0,1,0,work
2025-05-07 16:09,EXC001,OP1001,1,0,0.084,0,0,0,work
2025-05-07 16:10,EXC001,OP1001,1,0,0.0913,1,1,0,work
2025-05-07 16:11,EXC001,OP1001,1,0,0.0804,0,1,0,work
2025-05-07 16:12,EXC001,OP1001,1,0,0.075,0,1,0,work
2025-05-07 16:13,EXC001,OP1001,1,0,0.0792,0,1,0,work
2025-05-07 16:14,EXC001,OP1001,1,0,0.0782,0,1,0,work
2025-05-07 16:15,EXC001,OP1001,1,0,0.0854,0,1,0,work
2025-05-07 16:16,EXC001,OP1001,1,0,0.0758,1,1,0,work
2025-05-07 16:17,EXC001,OP1001,1,0,0.0753,0,1,0,work
2025-05-07 16:18,EXC001,OP1001,1,0,0.0886,0,1,1,work
2025-05-07 16:19,EXC001,OP1001,1,0,0.0758,1,1,0,work
2025-05-07 16:20,EXC001,OP1001,1,0,0.091,0,1,0,work
2025-05-07 16:21,EXC001,OP1001,1,0,0.0925,0,1,0,work
2025-05-07 16:22,EXC001,OP1001,1,0,0.0933,0,1,0,work
2025-05-07 16:23,EXC001,OP1001,1,0,0.0843,0,1,0,work
2025-05-07 16:24,EXC001,OP1001,1,0,0.0813,0,1,0,work
2025-05-07 16:25,EXC001,OP1001,1,0,0.0783,1,1,0,work
2025-05-07 16:26,EXC001,OP1001,1,0,0.0861,1,1,0,work
2025-05-07 16:27,EXC001,OP1001,1,0,0.0865,0,1,0,work
2025-05-07 16:28,EXC001,OP1001,1,0,0.0763,1,1,0,work
2025-05-07 16:29,EXC001,OP1001,1,0,0.0827,0,1,0,work
2025-05-07 16:30,EXC001,OP1001,1,0,0.0923,0,1,0,work
2025-05-07 16:31,EXC001,OP1001,1,0,0.0787,1,1,0,work
2025-05-07 16:32,EXC001,OP1001,1,0,0.0904,1,1,0,work
2025-05-07 16:33,EXC001,OP1001,1,0,0.0797,0,1,0,work
2025-05-07 16:34,EXC001,OP1001,1,0,0.0862,0,1,0,work
2025-05-07 16:35,EXC001,OP1001,1,0,0.0765,0,1,0,work
2025-05-07 16:36,EXC001,OP1001,1,0,0.0818,0,1,1,work
2025-05-07 16:37,EXC001,OP1001,1,0,0.081,0,1,0,work
2025-05-07 16:38,EXC001,OP1001,1,0,0.08,1,1,0,work
2025-05-07 16:39,EXC001,OP1001,1,0,0.0787,0,1,0,work
2025-05-07 16:40,EXC001,OP1001,1,0,0.0926,0,1,0,work
2025-05-07 16:41,EXC001,OP1001,1,0,0.0774,0,1,1,work
2025-05-07 16:42,EXC001,OP1001,1,0,0.0925,0,1,0,work
2025-05-07 16:43,EXC001,OP1001,1,0,0.0857,0,1,0,work
2025-05-07 16:44,EXC001,OP1001,1,0,0.0773,0,1,0,work
2025-05-07 16:45,EXC001,OP1001,1,0,0.0918,0,1,0,work
2025-05-07 16:46,EXC001,OP1001,1,0,0.0904,0,1,0,work
2025-05-07 16:47,EXC001,OP1001,1,0,0.0947,0,1,0,work
2025-05-07 16:48,EXC001,OP1001,1,0,0.0843,0,1,0,work
2025-05-07 16:49,EXC001,OP1001,1,0,0.0949,0,1,0,work
2025-05-07 16:50,EXC001,OP1001,1,0,0.0798,1,1,0,work
2025-05-07 16:51,EXC001,OP1001,1,0,0.0796,0,1,0,work
2025-05-07 16:52,EXC001,OP1001,1,0,0.091,1,1,0,work
2025-05-07 16:53,EXC001,OP1001,1,0,0.0923,0,1,0,work
2025-05-07 16:54,EXC001,OP1001,1,0,0.0926,0,1,0,work
2025-05-07 16:55,EXC001,OP1001,1,0,0.0857,0,1,0,work
2025-05-07 16:56,EXC001,OP1001,1,0,0.0858,0,1,0,work
2025-05-07 16:57,EXC001,OP1001,1,0,0.0909,0,1,0,work
2025-05-07 16:58,EXC001,OP1001,1,0,0.0905,1,1,0,work
2025-05-07 16:59,EXC001,OP1001,1,0,0.0903,1,1,0,work
2025-05-07 17:00,EXC001,OP1001,1,0,0.0919,0,1,0,work
2025-05-07 17:01,EXC001,OP1001,1,0,0.0892,0,1,0,work
2025-05-07 17:02,EXC001,OP1001,1,0,0.0946,1,1,0,work
2025-05-07 17:03,EXC001,OP1001,1,0,0.0848,0,1,0,work
2025-05-07 17:04,EXC001,OP1001,1,0,0.0815,0,1,0,work
2025-05-07 17:05,EXC001,OP1001,1,0,0.0836,0,1,0,work
2025-05-07 17:06,EXC001,OP1001,1,0,0.092,0,1,0,work
2025-05-07 17:07,EXC001,OP1001,1,0,0.082,0,1,0,work
2025-05-07 17:08,EXC001,OP1001,1,0,0.0794,0,1,0,work
2025-05-07 17:09,EXC001,OP1001,1,0,0.0898,0,1,0,work
2025-05-07 17:10,EXC001,OP1001,1,0,0.08,1,1,0,work
2025-05-07 17:11,EXC001,OP1001,1,0,0.0756,0,1,0,work
2025-05-07 17:12,EXC001,OP1001,1,0,0.0774,0,1,0,work
2025-05-07 17:13,EXC001,OP1001,1,0,0.0797,0,1,0,work
2025-05-07 17:14,EXC001,OP1001,1,0,0.0902,0,1,0,work
2025-05-07 17:15,EXC001,OP1001,1,0,0.0879,0,1,0,work
2025-05-07 17:16,EXC001,OP1001,1,0,0.0854,0,1,0,work
2025-05-07 17:17,EXC001,OP1001,1,0,0.0909,0,1,0,work
2025-05-07 17:18,EXC001,OP1001,1,0,0.0931,0,1,0,work
2025-05-07 17:19,EXC001,OP1001,1,0,0.0752,1,1,0,work
2025-05-07 17:20,EXC001,OP1001,1,0,0.0841,0,1,0,work
2025-05-07 17:21,EXC001,OP1001,1,0,0.0935,1,1,0,work
2025-05-07 17:22,EXC001,OP1001,1,0,0.0798,0,1,0,work
2025-05-07 17:23,EXC001,OP1001,1,0,0.0918,1,1,0,work
2025-05-07 17:24,EXC001,OP1001,1,0,0.0946,0,1,0,work
2025-05-07 17:25,EXC001,OP1001,1,0,0.0915,0,1,0,work
2025-05-07 17:26,EXC001,OP1001,1,0,0.0887,0,1,0,work
2025-05-07 17:27,EXC001,OP1001,1,0,0.086,0,1,0,work
2025-05-07 17:28,EXC001,OP1001,1,0,0.0924,0,1,1,work
2025-05-07 17:29,EXC001,OP1001,1,0,0.0767,0,1,0,work
2025-05-07 17:30,EXC001,OP1001,1,0,0.093,1,1,0,work
2025-05-07 17:31,EXC001,OP1001,1,0,0.092,0,1,0,work
2025-05-07 17:32,EXC001,OP1001,1,0,0.0932,0,1,0,work
2025-05-07 17:33,EXC001,OP1001,1,0,0.0812,0,1,0,work
2025-05-07 17:34,EXC001,OP1001,1,0,0.0926,0,1,0,work
2025-05-07 17:35,EXC001,OP1001,1,0,0.0919,0,1,0,work
2025-05-07 17:36,EXC001,OP1001,1,0,0.0752,1,1,0,work
2025-05-07 17:37,EXC001,OP1001,1,0,0.0841,1,1,0,work
2025-05-07 17:38,EXC001,OP1001,1,0,0.0772,0,1,0,work
2025-05-07 17:39,EXC001,OP1001,1,0,0.087,0,1,0,work
2025-05-07 17:40,EXC001,OP1001,1,0,0.0762,0,1,0,work
2025-05-07 17:41,EXC001,OP1001,1,0,0.0945,0,1,0,work
2025-05-07 17:42,EXC001,OP1001,1,0,0.0883,0,1,0,work
2025-05-07 17:43,EXC001,OP1001,1,0,0.0833,0,1,0,work
2025-05-07 17:44,EXC001,OP1001,1,0,0.0913,0,1,0,work
2025-05-07 17:45,EXC001,OP1001,1,0,0.0811,0,1,0,work
2025-05-07 17:46,EXC001,OP1001,1,0,0.0772,0,1,0,work
2025-05-07 17:47,EXC001,OP1001,1,0,0.0851,1,1,0,work
2025-05-07 17:48,EXC001,OP1001,1,0,0.0806,0,1,0,work
2025-05-07 17:49,EXC001,OP1001,1,0,0.0874,0,1,0,work
2025-05-07 17:50,EXC001,OP1001,1,0,0.0861,0,1,0,work
2025-05-07 17:51,EXC001,OP1001,1,0,0.0941,1,1,0,work
2025-05-07 17:52,EXC001,OP1001,1,0,0.0834,0,1,0,work
2025-05-07 17:53,EXC001,OP1001,1,0,0.0872,0,1,0,work
2025-05-07 17:54,EXC001,OP1001,1,0,0.0759,0,1,0,work
2025-05-07 17:55,EXC001,OP1001,1,0,0.0818,0,1,0,work
2025-05-07 17:56,EXC001,OP1001,1,0,0.0934,0,1,0,work
2025-05-07 17:57,EXC001,OP1001,1,0,0.0896,0,1,0,work
2025-05-07 17:58,EXC001,OP1001,1,0,0.077,0,1,0,work
2025-05-07 17:59,EXC001,OP1001,1,0,0.0897,0,1,0,work
